{
  "steps": [
    0,
    29
  ],
  "train_loss": [
    10.798995971679688,
    9.51255989074707
  ],
  "val_loss": [
    10.780779151916503,
    9.42746768951416
  ],
  "val_accuracy": [
    0.016357421875,
    0.099501953125
  ],
  "val_perplexity": [
    48087.57717357255,
    12425.022843996427
  ],
  "learning_rates": [
    0.0,
    0.020102687810220333
  ],
  "grad_norms": [
    0.0,
    0.0
  ]
}