{
  "steps": [
    0,
    29
  ],
  "train_loss": [
    10.798995971679688,
    9.548308372497559
  ],
  "val_loss": [
    10.780779151916503,
    9.466511383056641
  ],
  "val_accuracy": [
    0.016357421875,
    0.091181640625
  ],
  "val_perplexity": [
    48087.57717357255,
    12919.736508589893
  ],
  "learning_rates": [
    0.0,
    0.01435906272158595
  ],
  "grad_norms": [
    0.0,
    0.0
  ]
}