{
  "steps": [
    0,
    29
  ],
  "train_loss": [
    10.798995971679688,
    9.589292526245117
  ],
  "val_loss": [
    10.780779151916503,
    9.504167861938477
  ],
  "val_accuracy": [
    0.016357421875,
    0.096611328125
  ],
  "val_perplexity": [
    48087.57717357255,
    13415.524524395607
  ],
  "learning_rates": [
    0.0,
    0.01148725017726876
  ],
  "grad_norms": [
    0.0,
    0.0
  ]
}