{
  "steps": [
    0,
    29
  ],
  "train_loss": [
    10.798995971679688,
    9.578760147094727
  ],
  "val_loss": [
    10.780779151916503,
    9.499864082336426
  ],
  "val_accuracy": [
    0.016357421875,
    0.085869140625
  ],
  "val_perplexity": [
    48087.57717357255,
    13357.91113020081
  ],
  "learning_rates": [
    0.0,
    0.01148725017726876
  ],
  "grad_norms": [
    0.0,
    0.0
  ]
}