{
  "steps": [
    0,
    29
  ],
  "train_loss": [
    10.798995971679688,
    9.57830810546875
  ],
  "val_loss": [
    10.780779151916503,
    9.499094619750977
  ],
  "val_accuracy": [
    0.016357421875,
    0.0875732421875
  ],
  "val_perplexity": [
    48087.57717357255,
    13347.636670779357
  ],
  "learning_rates": [
    0.0,
    0.01148725017726876
  ],
  "grad_norms": [
    0.0,
    0.0
  ]
}