{
  "steps": [
    0,
    29
  ],
  "train_loss": [
    10.798995971679688,
    9.532179832458496
  ],
  "val_loss": [
    10.780779151916503,
    9.449176292419434
  ],
  "val_accuracy": [
    0.016357421875,
    0.0983447265625
  ],
  "val_perplexity": [
    48087.57717357255,
    12697.701761627837
  ],
  "learning_rates": [
    0.0,
    0.01723087526590314
  ],
  "grad_norms": [
    0.0,
    0.0
  ]
}