{
  "steps": [
    0,
    29
  ],
  "train_loss": [
    10.798995971679688,
    9.644244194030762
  ],
  "val_loss": [
    10.780779151916503,
    9.551520576477051
  ],
  "val_accuracy": [
    0.016357421875,
    0.097119140625
  ],
  "val_perplexity": [
    48087.57717357255,
    14066.06694882075
  ],
  "learning_rates": [
    0.0,
    0.00861543763295157
  ],
  "grad_norms": [
    0.0,
    0.0
  ]
}