{
  "steps": [
    0,
    29
  ],
  "train_loss": [
    10.798995971679688,
    9.549830436706543
  ],
  "val_loss": [
    10.780779151916503,
    9.46853889465332
  ],
  "val_accuracy": [
    0.016357421875,
    0.0908447265625
  ],
  "val_perplexity": [
    48087.57717357255,
    12945.957997390802
  ],
  "learning_rates": [
    0.0,
    0.01435906272158595
  ],
  "grad_norms": [
    0.0,
    0.0
  ]
}