{
  "steps": [
    0,
    29
  ],
  "train_loss": [
    10.798995971679688,
    9.59028434753418
  ],
  "val_loss": [
    10.780779151916503,
    9.504975700378418
  ],
  "val_accuracy": [
    0.016357421875,
    0.0967138671875
  ],
  "val_perplexity": [
    48087.57717357255,
    13426.366479482807
  ],
  "learning_rates": [
    0.0,
    0.01148725017726876
  ],
  "grad_norms": [
    0.0,
    0.0
  ]
}