{
  "steps": [
    0,
    29
  ],
  "train_loss": [
    10.798995971679688,
    9.555839538574219
  ],
  "val_loss": [
    10.780779151916503,
    9.473720741271972
  ],
  "val_accuracy": [
    0.016357421875,
    0.0968798828125
  ],
  "val_perplexity": [
    48087.57717357255,
    13013.21607609014
  ],
  "learning_rates": [
    0.0,
    0.01435906272158595
  ],
  "grad_norms": [
    0.0,
    0.0
  ]
}