{
  "steps": [
    0,
    29
  ],
  "train_loss": [
    10.798995971679688,
    9.556890487670898
  ],
  "val_loss": [
    10.780779151916503,
    9.474680213928222
  ],
  "val_accuracy": [
    0.016357421875,
    0.096826171875
  ],
  "val_perplexity": [
    48087.57717357255,
    13025.707892905035
  ],
  "learning_rates": [
    0.0,
    0.01435906272158595
  ],
  "grad_norms": [
    0.0,
    0.0
  ]
}