{
  "steps": [
    0,
    29
  ],
  "train_loss": [
    10.798995971679688,
    9.495819091796875
  ],
  "val_loss": [
    10.780779151916503,
    9.409434089660644
  ],
  "val_accuracy": [
    0.016357421875,
    0.103447265625
  ],
  "val_perplexity": [
    48087.57717357255,
    12202.963238869375
  ],
  "learning_rates": [
    0.0,
    0.02297450035453752
  ],
  "grad_norms": [
    0.0,
    0.0
  ]
}