{
  "steps": [
    0,
    29
  ],
  "train_loss": [
    10.798995971679688,
    9.496406555175781
  ],
  "val_loss": [
    10.780779151916503,
    9.412474060058594
  ],
  "val_accuracy": [
    0.016357421875,
    0.1015478515625
  ],
  "val_perplexity": [
    48087.57717357255,
    12240.116329418266
  ],
  "learning_rates": [
    0.0,
    0.02297450035453752
  ],
  "grad_norms": [
    0.0,
    0.0
  ]
}