{
  "steps": [
    0,
    29
  ],
  "train_loss": [
    10.798995971679688,
    9.47564697265625
  ],
  "val_loss": [
    10.780779151916503,
    9.386736373901368
  ],
  "val_accuracy": [
    0.016357421875,
    0.103681640625
  ],
  "val_perplexity": [
    48087.57717357255,
    11929.103599274942
  ],
  "learning_rates": [
    0.0,
    0.03158993798748909
  ],
  "grad_norms": [
    0.0,
    0.0
  ]
}