{
  "steps": [
    0,
    29
  ],
  "train_loss": [
    10.798995971679688,
    9.487997055053711
  ],
  "val_loss": [
    10.780779151916503,
    9.404826049804688
  ],
  "val_accuracy": [
    0.016357421875,
    0.103056640625
  ],
  "val_perplexity": [
    48087.57717357255,
    12146.860858180287
  ],
  "learning_rates": [
    0.0,
    0.02584631289885471
  ],
  "grad_norms": [
    0.0,
    0.0
  ]
}