{
  "steps": [
    0,
    29
  ],
  "train_loss": [
    10.798995971679688,
    9.505191802978516
  ],
  "val_loss": [
    10.780779151916503,
    9.41963851928711
  ],
  "val_accuracy": [
    0.016357421875,
    0.098017578125
  ],
  "val_perplexity": [
    48087.57717357255,
    12328.125034750157
  ],
  "learning_rates": [
    0.0,
    0.02297450035453752
  ],
  "grad_norms": [
    0.0,
    0.0
  ]
}