{
  "steps": [
    0,
    29
  ],
  "train_loss": [
    10.798995971679688,
    9.51124382019043
  ],
  "val_loss": [
    10.780779151916503,
    9.425604667663574
  ],
  "val_accuracy": [
    0.016357421875,
    0.0957861328125
  ],
  "val_perplexity": [
    48087.57717357255,
    12401.89630425753
  ],
  "learning_rates": [
    0.0,
    0.02297450035453752
  ],
  "grad_norms": [
    0.0,
    0.0
  ]
}