{
  "steps": [
    0,
    29
  ],
  "train_loss": [
    10.798995971679688,
    9.485282897949219
  ],
  "val_loss": [
    10.780779151916503,
    9.392498130798339
  ],
  "val_accuracy": [
    0.016357421875,
    0.103583984375
  ],
  "val_perplexity": [
    48087.57717357255,
    11998.034585308285
  ],
  "learning_rates": [
    0.0,
    0.0287181254431719
  ],
  "grad_norms": [
    0.0,
    0.0
  ]
}