{
  "steps": [
    0,
    29
  ],
  "train_loss": [
    10.795215606689453,
    9.64741325378418
  ],
  "val_loss": [
    10.780781860351562,
    9.551282653808594
  ],
  "val_accuracy": [
    0.016357421875,
    0.0975
  ],
  "val_perplexity": [
    48087.70741582882,
    14062.720710726317
  ],
  "learning_rates": [
    0.0,
    0.00861543763295157
  ],
  "grad_norms": [
    0.0,
    0.0
  ]
}