{
  "steps": [
    0,
    29
  ],
  "train_loss": [
    10.795215606689453,
    9.76388168334961
  ],
  "val_loss": [
    10.780781860351562,
    9.640068702697754
  ],
  "val_accuracy": [
    0.016357421875,
    0.0938916015625
  ],
  "val_perplexity": [
    48087.70741582882,
    15368.39954628991
  ],
  "learning_rates": [
    0.0,
    0.00574362508863438
  ],
  "grad_norms": [
    0.0,
    0.0
  ]
}