{
  "steps": [
    0,
    29
  ],
  "train_loss": [
    10.795215606689453,
    9.783075332641602
  ],
  "val_loss": [
    10.780781860351562,
    9.65224754333496
  ],
  "val_accuracy": [
    0.016357421875,
    0.094326171875
  ],
  "val_perplexity": [
    48087.70741582882,
    15556.71322876077
  ],
  "learning_rates": [
    0.0,
    0.00574362508863438
  ],
  "grad_norms": [
    0.0,
    0.0
  ]
}