{
  "steps": [
    0,
    29
  ],
  "train_loss": [
    10.795215606689453,
    9.784687042236328
  ],
  "val_loss": [
    10.780781860351562,
    9.65498405456543
  ],
  "val_accuracy": [
    0.016357421875,
    0.0949951171875
  ],
  "val_perplexity": [
    48087.70741582882,
    15599.342650563722
  ],
  "learning_rates": [
    0.0,
    0.00574362508863438
  ],
  "grad_norms": [
    0.0,
    0.0
  ]
}