{
  "steps": [
    0,
    29
  ],
  "train_loss": [
    10.795215606689453,
    10.285545349121094
  ],
  "val_loss": [
    10.780781860351562,
    10.183372688293456
  ],
  "val_accuracy": [
    0.016357421875,
    0.0253173828125
  ],
  "val_perplexity": [
    48087.70741582882,
    26459.55681523607
  ],
  "learning_rates": [
    0.0,
    0.00574362508863438
  ],
  "grad_norms": [
    0.0,
    0.0
  ]
}