{
  "steps": [
    0,
    29
  ],
  "train_loss": [
    10.795215606689453,
    9.780895233154297
  ],
  "val_loss": [
    10.780781860351562,
    9.65179946899414
  ],
  "val_accuracy": [
    0.016357421875,
    0.0952783203125
  ],
  "val_perplexity": [
    48087.70741582882,
    15549.744226167682
  ],
  "learning_rates": [
    0.0,
    0.00574362508863438
  ],
  "grad_norms": [
    0.0,
    0.0
  ]
}