{
  "steps": [
    0,
    29
  ],
  "train_loss": [
    10.795215606689453,
    9.7837553024292
  ],
  "val_loss": [
    10.780781860351562,
    9.654306449890136
  ],
  "val_accuracy": [
    0.016357421875,
    0.0956298828125
  ],
  "val_perplexity": [
    48087.70741582882,
    15588.776043447677
  ],
  "learning_rates": [
    0.0,
    0.00574362508863438
  ],
  "grad_norms": [
    0.0,
    0.0
  ]
}