{
  "steps": [
    0,
    29
  ],
  "train_loss": [
    10.795215606689453,
    9.750082015991211
  ],
  "val_loss": [
    10.780781860351562,
    9.63017391204834
  ],
  "val_accuracy": [
    0.016357421875,
    0.0899072265625
  ],
  "val_perplexity": [
    48087.70741582882,
    15217.082310926822
  ],
  "learning_rates": [
    0.0,
    0.00574362508863438
  ],
  "grad_norms": [
    0.0,
    0.0
  ]
}