{
  "steps": [
    0,
    29
  ],
  "train_loss": [
    10.795215606689453,
    9.758670806884766
  ],
  "val_loss": [
    10.780781860351562,
    9.633479766845703
  ],
  "val_accuracy": [
    0.016357421875,
    0.0916015625
  ],
  "val_perplexity": [
    48087.70741582882,
    15267.471018471402
  ],
  "learning_rates": [
    0.0,
    0.00574362508863438
  ],
  "grad_norms": [
    0.0,
    0.0
  ]
}