{
  "steps": [
    0,
    29
  ],
  "train_loss": [
    10.795215606689453,
    10.068586349487305
  ],
  "val_loss": [
    10.780781860351562,
    9.93011257171631
  ],
  "val_accuracy": [
    0.016357421875,
    0.027919921875
  ],
  "val_perplexity": [
    48087.70741582882,
    20539.652635258713
  ],
  "learning_rates": [
    0.0,
    0.00287181254431719
  ],
  "grad_norms": [
    0.0,
    0.0
  ]
}