{
  "steps": [
    0,
    29
  ],
  "train_loss": [
    10.795215606689453,
    9.77560043334961
  ],
  "val_loss": [
    10.780781860351562,
    9.648803329467773
  ],
  "val_accuracy": [
    0.016357421875,
    0.094833984375
  ],
  "val_perplexity": [
    48087.70741582882,
    15503.224747091637
  ],
  "learning_rates": [
    0.0,
    0.00574362508863438
  ],
  "grad_norms": [
    0.0,
    0.0
  ]
}