{
  "steps": [
    0,
    29
  ],
  "train_loss": [
    10.795215606689453,
    9.76937198638916
  ],
  "val_loss": [
    10.780781860351562,
    9.644063720703125
  ],
  "val_accuracy": [
    0.016357421875,
    0.0945263671875
  ],
  "val_perplexity": [
    48087.70741582882,
    15429.919383798115
  ],
  "learning_rates": [
    0.0,
    0.00574362508863438
  ],
  "grad_norms": [
    0.0,
    0.0
  ]
}