{
  "steps": [
    0,
    29
  ],
  "train_loss": [
    10.795215606689453,
    9.78262710571289
  ],
  "val_loss": [
    10.780781860351562,
    9.65313663482666
  ],
  "val_accuracy": [
    0.016357421875,
    0.095751953125
  ],
  "val_perplexity": [
    48087.70741582882,
    15570.550720617895
  ],
  "learning_rates": [
    0.0,
    0.00574362508863438
  ],
  "grad_norms": [
    0.0,
    0.0
  ]
}