{
  "steps": [
    0,
    29
  ],
  "train_loss": [
    10.795215606689453,
    9.784187316894531
  ],
  "val_loss": [
    10.780781860351562,
    9.655820770263672
  ],
  "val_accuracy": [
    0.016357421875,
    0.0962451171875
  ],
  "val_perplexity": [
    48087.70741582882,
    15612.40032746152
  ],
  "learning_rates": [
    0.0,
    0.00574362508863438
  ],
  "grad_norms": [
    0.0,
    0.0
  ]
}