{
  "steps": [
    0,
    29
  ],
  "train_loss": [
    10.795215606689453,
    9.593278884887695
  ],
  "val_loss": [
    10.780781860351562,
    9.505150108337402
  ],
  "val_accuracy": [
    0.016357421875,
    0.0968701171875
  ],
  "val_perplexity": [
    48087.70741582882,
    13428.70834887145
  ],
  "learning_rates": [
    0.0,
    0.01148725017726876
  ],
  "grad_norms": [
    0.0,
    0.0
  ]
}