{
  "steps": [
    0,
    29
  ],
  "train_loss": [
    10.795215606689453,
    9.779495239257812
  ],
  "val_loss": [
    10.780781860351562,
    9.652273178100586
  ],
  "val_accuracy": [
    0.016357421875,
    0.0953662109375
  ],
  "val_perplexity": [
    48087.70741582882,
    15557.11202656982
  ],
  "learning_rates": [
    0.0,
    0.00574362508863438
  ],
  "grad_norms": [
    0.0,
    0.0
  ]
}