{
  "steps": [
    0,
    29
  ],
  "train_loss": [
    10.795215606689453,
    9.747871398925781
  ],
  "val_loss": [
    10.780781860351562,
    9.628238067626953
  ],
  "val_accuracy": [
    0.016357421875,
    0.089990234375
  ],
  "val_perplexity": [
    48087.70741582882,
    15187.652901594904
  ],
  "learning_rates": [
    0.0,
    0.00574362508863438
  ],
  "grad_norms": [
    0.0,
    0.0
  ]
}