{
  "steps": [
    0,
    29
  ],
  "train_loss": [
    10.795215606689453,
    9.892417907714844
  ],
  "val_loss": [
    10.780781860351562,
    9.751207313537599
  ],
  "val_accuracy": [
    0.016357421875,
    0.0658984375
  ],
  "val_perplexity": [
    48087.70741582882,
    17174.951849045552
  ],
  "learning_rates": [
    0.0,
    0.00574362508863438
  ],
  "grad_norms": [
    0.0,
    0.0
  ]
}