{
  "steps": [
    0,
    29
  ],
  "train_loss": [
    10.798995971679688,
    9.466581344604492
  ],
  "val_loss": [
    10.780779151916503,
    9.383996238708496
  ],
  "val_accuracy": [
    0.016357421875,
    0.103779296875
  ],
  "val_perplexity": [
    48087.57717357255,
    11896.46098569461
  ],
  "learning_rates": [
    0.0,
    0.03446175053180628
  ],
  "grad_norms": [
    0.0,
    0.0
  ]
}