{
  "steps": [
    0,
    29
  ],
  "train_loss": [
    10.798995971679688,
    9.45773983001709
  ],
  "val_loss": [
    10.780779151916503,
    9.375620613098144
  ],
  "val_accuracy": [
    0.016357421875,
    0.108037109375
  ],
  "val_perplexity": [
    48087.57717357255,
    11797.236794784088
  ],
  "learning_rates": [
    0.0,
    0.040205375620440666
  ],
  "grad_norms": [
    0.0,
    0.0
  ]
}