{
  "steps": [
    0,
    29
  ],
  "train_loss": [
    10.798995971679688,
    9.460755348205566
  ],
  "val_loss": [
    10.780779151916503,
    9.37524616241455
  ],
  "val_accuracy": [
    0.016357421875,
    0.1064892578125
  ],
  "val_perplexity": [
    48087.57717357255,
    11792.820138363371
  ],
  "learning_rates": [
    0.0,
    0.03733356307612347
  ],
  "grad_norms": [
    0.0,
    0.0
  ]
}