{
  "steps": [
    0,
    29
  ],
  "train_loss": [
    10.798995971679688,
    9.472761154174805
  ],
  "val_loss": [
    10.780779151916503,
    9.382260818481445
  ],
  "val_accuracy": [
    0.016357421875,
    0.1052880859375
  ],
  "val_perplexity": [
    48087.57717357255,
    11875.833530498145
  ],
  "learning_rates": [
    0.0,
    0.03158993798748909
  ],
  "grad_norms": [
    0.0,
    0.0
  ]
}