{
  "steps": [
    0,
    29
  ],
  "train_loss": [
    10.798995971679688,
    9.4599609375
  ],
  "val_loss": [
    10.780779151916503,
    9.376654319763183
  ],
  "val_accuracy": [
    0.016357421875,
    0.1075
  ],
  "val_perplexity": [
    48087.57717357255,
    11809.437982225825
  ],
  "learning_rates": [
    0.0,
    0.038769469348282064
  ],
  "grad_norms": [
    0.0,
    0.0
  ]
}