{
  "steps": [
    0,
    29
  ],
  "train_loss": [
    10.798995971679688,
    9.459146499633789
  ],
  "val_loss": [
    10.780779151916503,
    9.377230453491212
  ],
  "val_accuracy": [
    0.016357421875,
    0.1080517578125
  ],
  "val_perplexity": [
    48087.57717357255,
    11816.2437580867
  ],
  "learning_rates": [
    0.0,
    0.03733356307612347
  ],
  "grad_norms": [
    0.0,
    0.0
  ]
}