{
  "steps": [
    0,
    29
  ],
  "train_loss": [
    10.798995971679688,
    9.463342666625977
  ],
  "val_loss": [
    10.780779151916503,
    9.379908638000488
  ],
  "val_accuracy": [
    0.016357421875,
    0.104189453125
  ],
  "val_perplexity": [
    48087.57717357255,
    11847.932253955894
  ],
  "learning_rates": [
    0.0,
    0.035897656803964874
  ],
  "grad_norms": [
    0.0,
    0.0
  ]
}