{
  "steps": [
    0,
    25,
    50,
    75,
    100,
    125,
    150,
    175,
    200,
    225,
    250,
    275,
    300,
    325,
    350,
    375,
    399
  ],
  "train_loss": [
    10.798446655273438,
    10.539912223815918,
    9.955307006835938,
    9.33663558959961,
    8.651277542114258,
    8.079291343688965,
    7.787011623382568,
    7.347644805908203,
    7.113173007965088,
    7.019035339355469,
    6.772735118865967,
    6.697733402252197,
    6.57609224319458,
    6.586477756500244,
    6.473743438720703,
    6.381961345672607,
    6.411125659942627
  ],
  "val_loss": [
    10.786028060913086,
    10.451139678955078,
    9.930947303771973,
    9.242316246032715,
    8.602555618286132,
    8.017379245758057,
    7.651622142791748,
    7.331072788238526,
    7.099991989135742,
    6.909574508666992,
    6.764961605072021,
    6.634541549682617,
    6.532266578674316,
    6.435645256042481,
    6.359674110412597,
    6.282564105987549,
    6.225096664428711
  ],
  "val_accuracy": [
    0.016357421875,
    0.0705712890625,
    0.08869140625,
    0.098857421875,
    0.0945166015625,
    0.1002734375,
    0.1226318359375,
    0.1378125,
    0.1496533203125,
    0.1611328125,
    0.1679052734375,
    0.1768505859375,
    0.1815478515625,
    0.187236328125,
    0.19220703125,
    0.1968359375,
    0.2016796875
  ],
  "val_perplexity": [
    48340.64808207659,
    34583.76664896886,
    20556.80489950201,
    10324.925951466475,
    5445.558592644886,
    3033.2175893693493,
    2104.0559017800683,
    1527.0190616903508,
    1211.9573656277464,
    1001.8208854871209,
    866.9329213237421,
    760.9301371827669,
    686.9534823674561,
    623.6848894977843,
    578.0579426299336,
    535.1591107693198,
    505.27188191408055
  ],
  "learning_rates": [
    0.0,
    0.040625,
    0.06247597445464284,
    0.0621891588606663,
    0.06163938247954367,
    0.06074145526303512,
    0.05964224636571191,
    0.05817142897433881,
    0.05656957682677357,
    0.05458847652860755,
    0.05255216606483896,
    0.0501451109880158,
    0.047761020429167696,
    0.045030470024698586,
    0.042400081307006086,
    0.039462265028090596,
    0.03669754409140935
  ],
  "grad_norms": [
    0.0,
    43893.9609375,
    0.0,
    62619.56640625,
    0.0,
    42230.84375,
    0.0,
    20471.291015625,
    0.0,
    25767.0234375,
    0.0,
    19137.583984375,
    0.0,
    21215.6875,
    0.0,
    18706.9453125,
    0.0
  ]
}