{
  "steps": [
    0,
    25,
    50,
    75,
    100,
    125,
    150,
    175,
    200,
    225,
    250,
    275,
    300,
    325,
    350,
    375,
    399
  ],
  "train_loss": [
    10.798446655273438,
    10.460606575012207,
    9.925785064697266,
    9.30470085144043,
    8.629374504089355,
    8.076478958129883,
    7.8342156410217285,
    7.451820373535156,
    7.321988105773926,
    7.276690483093262,
    7.117323875427246,
    7.067824840545654,
    6.988640308380127,
    7.059901237487793,
    6.972144603729248,
    6.903440952301025,
    6.9472246170043945
  ],
  "val_loss": [
    10.786028060913086,
    10.404898643493652,
    9.897973594665528,
    9.205617065429687,
    8.571730155944824,
    8.014357109069824,
    7.697349662780762,
    7.456626033782959,
    7.3034892082214355,
    7.187594890594482,
    7.1075278091430665,
    7.037551460266113,
    6.982477874755859,
    6.931813278198242,
    6.8902099609375,
    6.847420406341553,
    6.810154647827148
  ],
  "val_accuracy": [
    0.016357421875,
    0.0883984375,
    0.093837890625,
    0.09640625,
    0.090087890625,
    0.099072265625,
    0.1083251953125,
    0.11376953125,
    0.1205712890625,
    0.1240478515625,
    0.127080078125,
    0.12998046875,
    0.1337255859375,
    0.1367578125,
    0.1391552734375,
    0.1414794921875,
    0.1444921875
  ],
  "val_perplexity": [
    48340.64808207659,
    33020.98817195094,
    19890.024321855144,
    9952.87830724056,
    5280.257560692805,
    3024.064628924305,
    2202.5028741992414,
    1731.2968549196898,
    1485.4740237621575,
    1322.917614697652,
    1221.124957468168,
    1138.5962924387973,
    1077.5851827351694,
    1024.3497276489663,
    982.607704796228,
    941.4492152067744,
    907.0110633922684
  ],
  "learning_rates": [
    0.0,
    0.08125,
    0.12495194890928568,
    0.1243783177213326,
    0.12327876495908734,
    0.12148291052607024,
    0.11928449273142382,
    0.11634285794867762,
    0.11313915365354714,
    0.1091769530572151,
    0.10510433212967792,
    0.1002902219760316,
    0.09552204085833539,
    0.09006094004939717,
    0.08480016261401217,
    0.07892453005618119,
    0.0733950881828187
  ],
  "grad_norms": [
    0.0,
    54363.4609375,
    0.0,
    61459.7578125,
    0.0,
    37827.421875,
    0.0,
    21807.173828125,
    0.0,
    29973.908203125,
    0.0,
    37749.57421875,
    0.0,
    36475.1953125,
    0.0,
    35589.625,
    0.0
  ]
}