{
  "steps": [
    0,
    25,
    50,
    75,
    100,
    125,
    150,
    175,
    200,
    225,
    250,
    275,
    300,
    325,
    350,
    375,
    399
  ],
  "train_loss": [
    10.798446655273438,
    10.55317211151123,
    9.964301109313965,
    9.34562873840332,
    8.664005279541016,
    8.100188255310059,
    7.832156658172607,
    7.405630111694336,
    7.206909656524658,
    7.117550373077393,
    6.887819290161133,
    6.803092956542969,
    6.68773078918457,
    6.71849250793457,
    6.610616683959961,
    6.510011672973633,
    6.546738147735596
  ],
  "val_loss": [
    10.786028060913086,
    10.46451789855957,
    9.940487213134766,
    9.249209938049317,
    8.610745811462403,
    8.038059349060058,
    7.697113590240479,
    7.399143962860108,
    7.187999992370606,
    7.009909725189209,
    6.876636848449707,
    6.751023902893066,
    6.657872791290283,
    6.56685510635376,
    6.4983565139770505,
    6.428255558013916,
    6.373671360015869
  ],
  "val_accuracy": [
    0.016357421875,
    0.0593896484375,
    0.0834912109375,
    0.0884521484375,
    0.0875927734375,
    0.100791015625,
    0.114326171875,
    0.1223193359375,
    0.132275390625,
    0.144990234375,
    0.1537109375,
    0.161943359375,
    0.1665576171875,
    0.1714013671875,
    0.17568359375,
    0.179345703125,
    0.1829296875
  ],
  "val_perplexity": [
    48340.64808207659,
    35049.544566652985,
    20753.85337287584,
    10396.34871147364,
    5490.34191115044,
    3096.5979397624787,
    2201.9829851189306,
    1634.5845658169135,
    1323.4536395380078,
    1107.5545161131538,
    969.3607643662915,
    854.933683604625,
    778.8923071265059,
    711.1298948914332,
    664.0493798644412,
    619.0930336094673,
    586.2060564967342
  ],
  "learning_rates": [
    0.0,
    0.040625,
    0.06247597445464284,
    0.0621891588606663,
    0.06163938247954367,
    0.06074145526303512,
    0.05964224636571191,
    0.05817142897433881,
    0.05656957682677357,
    0.05458847652860755,
    0.05255216606483896,
    0.0501451109880158,
    0.047761020429167696,
    0.045030470024698586,
    0.042400081307006086,
    0.039462265028090596,
    0.03669754409140935
  ],
  "grad_norms": [
    0.0,
    40849.375,
    0.0,
    62041.40625,
    0.0,
    38149.375,
    0.0,
    19451.185546875,
    0.0,
    19436.62109375,
    0.0,
    18323.517578125,
    0.0,
    20540.787109375,
    0.0,
    17933.0390625,
    0.0
  ]
}