{
  "steps": [
    0,
    25,
    50,
    75,
    100,
    125,
    150,
    175,
    200,
    225,
    250,
    275,
    300,
    325,
    350,
    375,
    399
  ],
  "train_loss": [
    10.798446655273438,
    10.554478645324707,
    9.964559555053711,
    9.345701217651367,
    8.663858413696289,
    8.099651336669922,
    7.833408832550049,
    7.403406620025635,
    7.204649448394775,
    7.11603307723999,
    6.882357597351074,
    6.800741672515869,
    6.691760540008545,
    6.717031955718994,
    6.616769790649414,
    6.512849807739258,
    6.542572021484375
  ],
  "val_loss": [
    10.786028060913086,
    10.46529972076416,
    9.940817070007324,
    9.24938735961914,
    8.610908622741698,
    8.03793140411377,
    7.698126735687256,
    7.39885591506958,
    7.186250305175781,
    7.010511779785157,
    6.875107231140137,
    6.7503225708007815,
    6.657341957092285,
    6.565941696166992,
    6.4972994422912596,
    6.427458686828613,
    6.372460136413574
  ],
  "val_accuracy": [
    0.016357421875,
    0.058427734375,
    0.0834814453125,
    0.088369140625,
    0.0874853515625,
    0.100390625,
    0.1147021484375,
    0.1223779296875,
    0.132861328125,
    0.1450146484375,
    0.15361328125,
    0.1619091796875,
    0.16708984375,
    0.1725390625,
    0.1760302734375,
    0.180234375,
    0.18404296875
  ],
  "val_perplexity": [
    48340.64808207659,
    35076.95779359432,
    20760.700303234375,
    10398.19341162242,
    5491.235873512368,
    3096.201771049835,
    2204.2150446637406,
    1634.1137951497801,
    1321.1400342849465,
    1108.2215251676284,
    967.8791468047147,
    854.3343013830997,
    778.4789541739733,
    710.4806381653185,
    663.3478029408986,
    618.5998927209398,
    585.4964597122355
  ],
  "learning_rates": [
    0.0,
    0.040625,
    0.06247597445464284,
    0.0621891588606663,
    0.06163938247954367,
    0.06074145526303512,
    0.05964224636571191,
    0.05817142897433881,
    0.05656957682677357,
    0.05458847652860755,
    0.05255216606483896,
    0.0501451109880158,
    0.047761020429167696,
    0.045030470024698586,
    0.042400081307006086,
    0.039462265028090596,
    0.03669754409140935
  ],
  "grad_norms": [
    0.0,
    40609.03515625,
    0.0,
    62058.890625,
    0.0,
    38318.15625,
    0.0,
    18720.400390625,
    0.0,
    19337.828125,
    0.0,
    18158.041015625,
    0.0,
    19751.662109375,
    0.0,
    18016.3984375,
    0.0
  ]
}