{
  "steps": [
    0,
    25,
    50,
    75,
    100,
    125,
    150,
    175,
    200,
    225,
    250,
    275,
    300,
    325,
    350,
    375,
    399
  ],
  "train_loss": [
    10.798446655273438,
    10.651633262634277,
    10.015263557434082,
    9.407973289489746,
    8.725112915039062,
    8.149768829345703,
    7.864710807800293,
    7.420594215393066,
    7.188806056976318,
    7.064835548400879,
    6.8159589767456055,
    6.722338676452637,
    6.593985557556152,
    6.5996198654174805,
    6.506183624267578,
    6.391214370727539,
    6.416905403137207
  ],
  "val_loss": [
    10.786028060913086,
    10.58670181274414,
    9.996481132507324,
    9.316219100952148,
    8.674915275573731,
    8.089563636779785,
    7.732366161346436,
    7.412394332885742,
    7.172388401031494,
    6.963883018493652,
    6.805917568206787,
    6.664416408538818,
    6.557314033508301,
    6.453834705352783,
    6.377722110748291,
    6.298766326904297,
    6.234240608215332
  ],
  "val_accuracy": [
    0.016357421875,
    0.0245458984375,
    0.076767578125,
    0.08283203125,
    0.0826416015625,
    0.090654296875,
    0.109580078125,
    0.122763671875,
    0.1371142578125,
    0.1530224609375,
    0.162802734375,
    0.1709130859375,
    0.176201171875,
    0.182890625,
    0.1876611328125,
    0.1932763671875,
    0.19765625
  ],
  "val_perplexity": [
    48340.64808207659,
    39604.64992684351,
    21949.093791094932,
    11116.870529042862,
    5854.203771462854,
    3260.2646002236934,
    2280.9930180112165,
    1656.3875459302358,
    1302.9528634029775,
    1057.7327893770916,
    903.1761155271993,
    784.005792361111,
    704.3772178790987,
    635.1331775657678,
    588.5854470148458,
    543.9005006467906,
    509.9132474527225
  ],
  "learning_rates": [
    0.0,
    0.0203125,
    0.03123798722732142,
    0.03109457943033315,
    0.030819691239771834,
    0.03037072763151756,
    0.029821123182855954,
    0.029085714487169404,
    0.028284788413386785,
    0.027294238264303775,
    0.02627608303241948,
    0.0250725554940079,
    0.023880510214583848,
    0.022515235012349293,
    0.021200040653503043,
    0.019731132514045298,
    0.018348772045704675
  ],
  "grad_norms": [
    0.0,
    27982.337890625,
    0.0,
    62291.55859375,
    0.0,
    41940.80078125,
    0.0,
    18706.443359375,
    0.0,
    15331.9619140625,
    0.0,
    16586.826171875,
    0.0,
    19328.40234375,
    0.0,
    18330.49609375,
    0.0
  ]
}