{
  "steps": [
    0,
    25,
    50,
    75,
    100,
    125,
    150,
    175,
    200,
    225,
    250,
    275,
    300,
    325,
    350,
    375,
    400,
    425,
    450,
    475,
    500,
    525,
    550,
    575,
    600,
    625,
    650,
    675,
    700,
    725,
    750,
    775,
    800,
    825,
    850,
    875,
    900,
    925,
    950,
    975,
    1000,
    1025,
    1050,
    1075,
    1100,
    1125,
    1150,
    1175,
    1200,
    1225,
    1250,
    1275,
    1300,
    1325,
    1350,
    1375,
    1400,
    1425,
    1450,
    1475,
    1499
  ],
  "train_loss": [
    10.798446655273438,
    10.692023277282715,
    10.399191856384277,
    10.161487579345703,
    9.763935089111328,
    9.263542175292969,
    8.683935165405273,
    8.048650741577148,
    7.684807777404785,
    7.4916229248046875,
    7.235842704772949,
    7.1150221824646,
    7.010710716247559,
    7.028456211090088,
    6.898496150970459,
    6.805864334106445,
    6.673251628875732,
    6.7668914794921875,
    6.589716911315918,
    6.617959499359131,
    6.591639995574951,
    6.46075439453125,
    6.443918704986572,
    6.390124320983887,
    6.5188422203063965,
    6.294456481933594,
    6.361325740814209,
    6.451771259307861,
    6.435004234313965,
    6.322484493255615,
    6.381100177764893,
    6.230347156524658,
    6.2480645179748535,
    6.242051601409912,
    6.282351970672607,
    6.289344310760498,
    6.192958831787109,
    6.203632354736328,
    6.214231967926025,
    6.304519176483154,
    6.068646430969238,
    6.232280254364014,
    6.128396034240723,
    6.213333606719971,
    6.071274280548096,
    6.14622163772583,
    6.073980331420898,
    6.150938034057617,
    5.9842987060546875,
    6.088336944580078,
    5.9915642738342285,
    6.100624084472656,
    5.993948459625244,
    5.918951988220215,
    6.048125743865967,
    5.913172721862793,
    6.014928340911865,
    5.902257442474365,
    5.965485095977783,
    5.86668062210083,
    5.880037784576416
  ],
  "val_loss": [
    10.786028060913086,
    10.643008460998535,
    10.387326774597168,
    10.107695236206055,
    9.727668075561523,
    9.186935539245605,
    8.586503562927247,
    8.007668190002441,
    7.663926391601563,
    7.402792587280273,
    7.230205078125,
    7.089425201416016,
    6.990497570037842,
    6.897999286651611,
    6.822439384460449,
    6.742166786193848,
    6.67567720413208,
    6.611142349243164,
    6.558983955383301,
    6.507285079956055,
    6.463492431640625,
    6.428301181793213,
    6.39704195022583,
    6.367665996551514,
    6.340791511535644,
    6.313059329986572,
    6.291758346557617,
    6.2678085136413575,
    6.248738803863525,
    6.230381736755371,
    6.2087499618530275,
    6.189115047454834,
    6.17229793548584,
    6.154063053131104,
    6.137217273712158,
    6.119127349853516,
    6.1069646835327145,
    6.0927216339111325,
    6.076950054168702,
    6.063508358001709,
    6.049212760925293,
    6.034098434448242,
    6.0196975898742675,
    6.0030598640441895,
    5.990578727722168,
    5.974211120605469,
    5.961734237670899,
    5.9472043991088865,
    5.932565975189209,
    5.919572944641113,
    5.907628154754638,
    5.896393432617187,
    5.885926971435547,
    5.876218528747558,
    5.862812328338623,
    5.850957221984864,
    5.8401797485351565,
    5.831299724578858,
    5.819098339080811,
    5.806999282836914,
    5.799984283447266
  ],
  "val_accuracy": [
    0.016357421875,
    0.016484375,
    0.0865087890625,
    0.0938623046875,
    0.0977099609375,
    0.098818359375,
    0.096396484375,
    0.0984326171875,
    0.113935546875,
    0.1218017578125,
    0.1262451171875,
    0.130859375,
    0.13642578125,
    0.141337890625,
    0.1466845703125,
    0.1525244140625,
    0.1559814453125,
    0.160126953125,
    0.1637158203125,
    0.1676123046875,
    0.1711279296875,
    0.1719140625,
    0.1740087890625,
    0.175927734375,
    0.1769970703125,
    0.1784130859375,
    0.1799267578125,
    0.1811328125,
    0.18234375,
    0.1829052734375,
    0.1843505859375,
    0.1851171875,
    0.1861572265625,
    0.1869384765625,
    0.1875341796875,
    0.1891162109375,
    0.18947265625,
    0.1905078125,
    0.1915380859375,
    0.1918359375,
    0.1922802734375,
    0.1936669921875,
    0.1945849609375,
    0.1959619140625,
    0.19537109375,
    0.1960009765625,
    0.1963427734375,
    0.198271484375,
    0.1987841796875,
    0.199482421875,
    0.1998095703125,
    0.199951171875,
    0.2006787109375,
    0.2006640625,
    0.201669921875,
    0.2025390625,
    0.202802734375,
    0.2035302734375,
    0.2045263671875,
    0.2052685546875,
    0.2058056640625
  ],
  "val_perplexity": [
    48340.64808207659,
    41898.632200526,
    32445.81592225611,
    24531.05724011266,
    16775.387737161524,
    9768.669360042235,
    5358.844020174241,
    3003.904405584774,
    2130.1046556439323,
    1640.559444396165,
    1380.505586556292,
    1199.218293488981,
    1086.2618330834653,
    990.2914429778182,
    918.2221772267582,
    847.3948715518958,
    792.8842165737144,
    743.3316782716272,
    705.5544554773212,
    670.004936290783,
    641.2968355038562,
    619.1212796177367,
    600.0673807890026,
    582.696225516153,
    567.245114793523,
    551.7302945177308,
    540.1021814460379,
    527.3204950227199,
    517.3599207017494,
    507.9493494271067,
    497.07949442776146,
    487.4145765309048,
    479.2862104115669,
    470.625684560773,
    462.76403183788216,
    454.4679299007607,
    448.9738670704473,
    442.62443498028165,
    435.6983099427173,
    429.88097068249766,
    423.7792830819823,
    417.42230637068485,
    411.4541490097053,
    404.66512128519304,
    399.6458291345428,
    393.15782461519035,
    388.2829155382445,
    382.68201607794134,
    377.12095637805606,
    372.252707412757,
    367.83267775411537,
    363.72330686978887,
    359.9362640374525,
    356.4587513769365,
    351.71188374236783,
    347.56691999330496,
    343.8411400518764,
    340.8013392183873,
    336.66835603515574,
    332.6195295409151,
    330.29436877999075
  ],
  "learning_rates": [
    0.0,
    0.021666666666666667,
    0.041666666666666664,
    0.06333333333333334,
    0.08333333333333333,
    0.105,
    0.125,
    0.12497689959869389,
    0.12491458529937403,
    0.12480272333278462,
    0.12465860059913465,
    0.12445831678837793,
    0.12423282331640313,
    0.12394472591682973,
    0.12363854652279326,
    0.12326351047673687,
    0.12287757501739532,
    0.12241673929700167,
    0.1219522198456607,
    0.12140698399386649,
    0.12086529128083259,
    0.12023731116099966,
    0.11962009028923874,
    0.11891127305635141,
    0.118220398505365,
    0.11743289681406315,
    0.1166704667471559,
    0.11580667221419345,
    0.11497500210642003,
    0.1140375380474036,
    0.11313915365354714,
    0.11213086711601265,
    0.11116849679995042,
    0.11009244991697338,
    0.10906901636572539,
    0.10792847705632337,
    0.10684708840394794,
    0.10564552044851791,
    0.10450946083681072,
    0.10325051335774181,
    0.10206323296240513,
    0.10075072934181395,
    0.09951583389438652,
    0.0981537601626312,
    0.096875,
    0.09546749273023714,
    0.09414875140498753,
    0.09270008515053534,
    0.09134536763672954,
    0.08985994194939001,
    0.08847336247959244,
    0.08695568854835709,
    0.08554145811884532,
    0.0839961450695625,
    0.08255855865166996,
    0.08099029954928108,
    0.07953372304571028,
    0.0779472806415659,
    0.07647613762728546,
    0.07487632989482595,
    0.0733950881828187
  ],