{
  "steps": [
    0,
    25,
    50,
    75,
    100,
    125,
    150,
    175,
    200,
    225,
    250,
    275,
    300,
    325,
    350,
    375,
    400,
    425,
    450,
    475,
    500,
    525,
    550,
    575,
    600,
    625,
    650,
    675,
    700,
    725,
    750,
    775,
    800,
    825,
    850,
    875,
    900,
    925,
    950,
    975,
    1000,
    1025,
    1050,
    1075,
    1100,
    1125,
    1150,
    1175,
    1200,
    1225,
    1250,
    1275,
    1300,
    1325,
    1350,
    1375,
    1400,
    1425,
    1450,
    1475,
    1499
  ],
  "train_loss": [
    10.798446655273438,
    10.738556861877441,
    10.440223693847656,
    10.183038711547852,
    9.77621841430664,
    9.26803970336914,
    8.6824369430542,
    8.023740768432617,
    7.6123247146606445,
    7.355337619781494,
    7.03449821472168,
    6.877763271331787,
    6.726113796234131,
    6.703630447387695,
    6.579916477203369,
    6.449347972869873,
    6.290665626525879,
    6.353647232055664,
    6.180261135101318,
    6.214620113372803,
    6.133514881134033,
    5.977912425994873,
    5.959295749664307,
    5.837207317352295,
    5.951257705688477,
    5.72599983215332,
    5.764901161193848,
    5.8333306312561035,
    5.788630485534668,
    5.62848424911499,
    5.695210933685303,
    5.474437236785889,
    5.575384616851807,
    5.478714466094971,
    5.507068157196045,
    5.477646827697754,
    5.384390830993652,
    5.361577033996582,
    5.343404293060303,
    5.422702789306641,
    5.234982490539551,
    5.321560859680176,
    5.182867050170898,
    5.292243003845215,
    5.123507499694824,
    5.183868885040283,
    5.130829811096191,
    5.174381256103516,
    4.945143699645996,
    5.073888778686523,
    5.016758441925049,
    5.065519332885742,
    4.970608234405518,
    4.91468620300293,
    4.970640182495117,
    4.814991474151611,
    4.969590187072754,
    4.792007923126221,
    4.875509738922119,
    4.751910209655762,
    4.741326808929443
  ],
  "val_loss": [
    10.786028060913086,
    10.703233070373535,
    10.417347717285157,
    10.129267120361328,
    9.743144378662109,
    9.194886665344239,
    8.589498519897461,
    7.988019104003906,
    7.596644554138184,
    7.256823177337647,
    7.021561489105225,
    6.8188462066650395,
    6.6780541801452635,
    6.547269954681396,
    6.455363082885742,
    6.346761493682862,
    6.265520095825195,
    6.18591983795166,
    6.1084130668640135,
    6.037073402404785,
    5.973477478027344,
    5.911355266571045,
    5.857160530090332,
    5.799998550415039,
    5.747851467132568,
    5.689773902893067,
    5.640483207702637,
    5.591986865997314,
    5.542966728210449,
    5.497631149291992,
    5.451853656768799,
    5.412649383544922,
    5.369893398284912,
    5.322133731842041,
    5.284748210906982,
    5.236392784118652,
    5.204489498138428,
    5.165575580596924,
    5.130915050506592,
    5.090633487701416,
    5.0594976615905765,
    5.029191856384277,
    4.9921058082580565,
    4.957128219604492,
    4.927091579437256,
    4.890101623535156,
    4.866928653717041,
    4.832298603057861,
    4.8036696434021,
    4.773712768554687,
    4.752406158447266,
    4.723697204589843,
    4.696361541748047,
    4.662148132324218,
    4.639846534729004,
    4.607814502716065,
    4.5894878959655765,
    4.566310882568359,
    4.542451171875,
    4.519060649871826,
    4.497213687896728
  ],
  "val_accuracy": [
    0.016357421875,
    0.016357421875,
    0.0871923828125,
    0.095205078125,
    0.0978515625,
    0.107265625,
    0.1050048828125,
    0.1142919921875,
    0.1330029296875,
    0.14724609375,
    0.1581201171875,
    0.170712890625,
    0.17416015625,
    0.1823583984375,
    0.1860791015625,
    0.1901513671875,
    0.194658203125,
    0.1996240234375,
    0.2030712890625,
    0.2078662109375,
    0.2097802734375,
    0.2127734375,
    0.2147998046875,
    0.2187451171875,
    0.2213818359375,
    0.22447265625,
    0.2274462890625,
    0.2303076171875,
    0.233857421875,
    0.23662109375,
    0.2402490234375,
    0.242119140625,
    0.2448974609375,
    0.2496142578125,
    0.251650390625,
    0.25689453125,
    0.2586376953125,
    0.261962890625,
    0.2651171875,
    0.26892578125,
    0.27046875,
    0.2729052734375,
    0.2769091796875,
    0.2786962890625,
    0.283251953125,
    0.2872509765625,
    0.2898095703125,
    0.2928759765625,
    0.294482421875,
    0.299375,
    0.3003125,
    0.3032763671875,
    0.3065234375,
    0.3109765625,
    0.3117919921875,
    0.315751953125,
    0.3167138671875,
    0.3194384765625,
    0.3221142578125,
    0.3243798828125,
    0.32724609375
  ],
  "val_perplexity": [
    48340.64808207659,
    44499.49280164504,
    33434.63832877644,
    25065.987346432248,
    17037.02811305914,
    9846.650891600277,
    5374.917585227924,
    2945.456533701411,
    1991.5022932463999,
    1417.7454496585874,
    1120.5349555111154,
    914.9287621446854,
    794.7711250173747,
    697.3378089478747,
    636.1046430386908,
    570.641686650604,
    526.1151451052157,
    485.85967029246603,
    449.6246244950402,
    418.6659733739765,
    392.8694930742095,
    369.20618929939315,
    349.72968590148554,
    330.2990811127211,
    313.51633598878874,
    295.82672751135357,
    281.59875629346635,
    268.26810332434525,
    255.43468174447773,
    244.11297960417232,
    233.1900197881687,
    224.22485908379255,
    214.83996417492884,
    204.82044798171853,
    197.30449807268383,
    187.9907546296157,
    182.0878928293249,
    175.13823573659454,
    169.17184802645434,
    162.4927666248835,
    157.5113724342288,
    152.8094707842987,
    147.2461694480313,
    142.18488526121268,
    137.9776312237494,
    132.9670859500414,
    129.92127027350315,
    125.49910198620871,
    121.95713656917327,
    118.35786255874426,
    115.86273349159553,
    112.58372922404924,
    109.54786113453488,
    105.86324634135447,
    103.52845834117365,
    100.2647816017182,
    98.44400367979665,
    96.18860337018418,
    93.92073406235512,
    91.74937270162764,
    89.76666457934796
  ],
  "learning_rates": [
    0.0,
    0.010833333333333334,
    0.020833333333333332,
    0.03166666666666667,
    0.041666666666666664,
    0.0525,
    0.0625,
    0.062488449799346944,
    0.06245729264968702,
    0.06240136166639231,
    0.062329300299567326,
    0.062229158394188966,
    0.062116411658201566,
    0.061972362958414864,
    0.06181927326139663,
    0.06163175523836843,
    0.06143878750869766,
    0.061208369648500835,
    0.06097610992283035,
    0.06070349199693324,
    0.060432645640416296,
    0.06011865558049983,
    0.05981004514461937,
    0.059455636528175704,
    0.0591101992526825,
    0.05871644840703157,
    0.05833523337357795,
    0.05790333610709673,
    0.057487501053210016,
    0.0570187690237018,
    0.05656957682677357,
    0.056065433558006326,
    0.05558424839997521,
    0.05504622495848669,
    0.05453450818286269,
    0.053964238528161686,
    0.05342354420197397,
    0.052822760224258955,
    0.05225473041840536,
    0.051625256678870905,
    0.051031616481202566,
    0.050375364670906975,
    0.04975791694719326,
    0.0490768800813156,
    0.0484375,
    0.04773374636511857,
    0.047074375702493766,
    0.04635004257526767,
    0.04567268381836477,
    0.044929970974695005,
    0.04423668123979622,
    0.04347784427417854,
    0.04277072905942266,
    0.04199807253478125,
    0.04127927932583498,
    0.04049514977464054,
    0.03976686152285514,
    0.03897364032078295,
    0.03823806881364273,
    0.03743816494741298,
    0.03669754409140935
  ],