{
  "steps": [
    0,
    25,
    50,
    75,
    100,
    125,
    150,
    175,
    200,
    225,
    250,
    275,
    300,
    325,
    350,
    375,
    400,
    425,
    450,
    475,
    500,
    525,
    550,
    575,
    600,
    625,
    650,
    675,
    700,
    725,
    750,
    775,
    800,
    825,
    850,
    875,
    900,
    925,
    950,
    975,
    1000,
    1025,
    1050,
    1075,
    1100,
    1125,
    1150,
    1175,
    1200,
    1225,
    1250,
    1275,
    1300,
    1325,
    1350,
    1375,
    1400,
    1425,
    1450,
    1475,
    1499
  ],
  "train_loss": [
    10.798446655273438,
    10.692599296569824,
    10.39897346496582,
    10.160041809082031,
    9.763853073120117,
    9.262927055358887,
    8.684429168701172,
    8.048129081726074,
    7.686904430389404,
    7.496991157531738,
    7.24668550491333,
    7.123876094818115,
    7.015990734100342,
    7.04062557220459,
    6.923539161682129,
    6.827393531799316,
    6.69900369644165,
    6.799607276916504,
    6.629703998565674,
    6.658379554748535,
    6.639294624328613,
    6.506464958190918,
    6.490585803985596,
    6.423573017120361,
    6.564782619476318,
    6.3515520095825195,
    6.419057369232178,
    6.510322093963623,
    6.493110179901123,
    6.380178451538086,
    6.439430236816406,
    6.279908180236816,
    6.312824249267578,
    6.3188934326171875,
    6.358076572418213,
    6.370445728302002,
    6.26934814453125,
    6.288415908813477,
    6.302974224090576,
    6.3867082595825195,
    6.153629779815674,
    6.323307037353516,
    6.216582298278809,
    6.321822166442871,
    6.178823471069336,
    6.252243518829346,
    6.1836323738098145,
    6.268413066864014,
    6.098117828369141,
    6.209250450134277,
    6.109933853149414,
    6.206908226013184,
    6.11065673828125,
    6.030496597290039,
    6.171013832092285,
    6.0178351402282715,
    6.1362810134887695,
    6.031816482543945,
    6.080700397491455,
    5.9853105545043945,
    6.016411304473877
  ],
  "val_loss": [
    10.786028060913086,
    10.643911094665528,
    10.386961059570313,
    10.107248802185058,
    9.726604194641114,
    9.186638870239257,
    8.587361297607423,
    8.00645601272583,
    7.668191032409668,
    7.410997505187988,
    7.241690406799316,
    7.104012393951416,
    7.001842632293701,
    6.90753059387207,
    6.831849822998047,
    6.7585831642150875,
    6.699333763122558,
    6.64296085357666,
    6.595801162719726,
    6.547531776428222,
    6.5078150749206545,
    6.471505870819092,
    6.439923553466797,
    6.409666728973389,
    6.385488700866699,
    6.360779571533203,
    6.3398991966247555,
    6.318081684112549,
    6.300198078155518,
    6.280903186798096,
    6.261106395721436,
    6.243918418884277,
    6.229251270294189,
    6.215283966064453,
    6.2037661743164065,
    6.185303249359131,
    6.172745971679688,
    6.158975009918213,
    6.146936378479004,
    6.133926467895508,
    6.121831359863282,
    6.110007038116455,
    6.099558906555176,
    6.088325824737549,
    6.076617984771729,
    6.065231266021729,
    6.0556948852539065,
    6.044587440490723,
    6.032584018707276,
    6.024233283996582,
    6.014466285705566,
    6.004806423187256,
    5.996285305023194,
    5.988499755859375,
    5.976158561706543,
    5.965300998687744,
    5.956578521728516,
    5.9470673942565915,
    5.937742805480957,
    5.927646484375,
    5.919942092895508
  ],
  "val_accuracy": [
    0.016357421875,
    0.0165087890625,
    0.0861865234375,
    0.0933544921875,
    0.0966259765625,
    0.100126953125,
    0.0979541015625,
    0.0994775390625,
    0.1136181640625,
    0.1201025390625,
    0.126513671875,
    0.133115234375,
    0.1383642578125,
    0.1423046875,
    0.1480615234375,
    0.1532666015625,
    0.157783203125,
    0.161181640625,
    0.1645068359375,
    0.167392578125,
    0.169755859375,
    0.1715625,
    0.1729150390625,
    0.175087890625,
    0.17685546875,
    0.177919921875,
    0.179345703125,
    0.1795263671875,
    0.180859375,
    0.1813671875,
    0.182763671875,
    0.183857421875,
    0.183828125,
    0.1848828125,
    0.185126953125,
    0.187001953125,
    0.18791015625,
    0.1886962890625,
    0.18873046875,
    0.1889404296875,
    0.189716796875,
    0.1900390625,
    0.190419921875,
    0.1922021484375,
    0.1918212890625,
    0.19228515625,
    0.192431640625,
    0.1936865234375,
    0.1946142578125,
    0.194560546875,
    0.1945556640625,
    0.1953173828125,
    0.1953271484375,
    0.196533203125,
    0.1969873046875,
    0.197578125,
    0.198623046875,
    0.1989453125,
    0.1997607421875,
    0.2002294921875,
    0.200400390625
  ],
  "val_perplexity": [
    48340.64808207659,
    41936.46839009149,
    32433.95216932333,
    24520.10818578667,
    16757.550212399066,
    9765.771728449847,
    5363.442458374033,
    3000.265346960891,
    2139.2081847274653,
    1654.0754730874883,
    1396.4525497109207,
    1216.8397328268009,
    1098.655712940388,
    999.7753401297421,
    926.9038356278973,
    861.4208388920616,
    811.8647507092608,
    767.3636842404611,
    732.0151150472126,
    697.5204110546996,
    670.3601296503058,
    646.456474305794,
    626.3589150136054,
    607.6911214658132,
    593.1745466917505,
    578.69731654736,
    566.7391792799352,
    554.508249536485,
    544.6797886092662,
    534.2709924833514,
    523.7981476620057,
    514.8720477811346,
    507.3754541693886,
    500.3380480461302,
    494.6083188606665,
    485.56018710064166,
    479.50099609333006,
    472.9430643616146,
    467.2836115028309,
    461.2436682528901,
    455.6984786906722,
    450.3418847150963,
    445.6611485102409,
    440.68301261585935,
    435.55365188725847,
    430.6222544530476,
    426.5351955165242,
    421.82369420321777,
    416.7906338873886,
    413.3246179056721,
    409.30732743899915,
    405.3725104213133,
    401.9329585853369,
    398.81583976190865,
    393.9242223370513,
    389.67030066966015,
    386.2861908161675,
    382.6295903762224,
    379.07830964016586,
    375.27026924890635,
    372.3901492165323
  ],
  "learning_rates": [
    0.0,
    0.021666666666666667,
    0.041666666666666664,
    0.06333333333333334,
    0.08333333333333333,
    0.105,
    0.125,
    0.12497689959869389,
    0.12491458529937403,
    0.12480272333278462,
    0.12465860059913465,
    0.12445831678837793,
    0.12423282331640313,
    0.12394472591682973,
    0.12363854652279326,
    0.12326351047673687,
    0.12287757501739532,
    0.12241673929700167,
    0.1219522198456607,
    0.12140698399386649,
    0.12086529128083259,
    0.12023731116099966,
    0.11962009028923874,
    0.11891127305635141,
    0.118220398505365,
    0.11743289681406315,
    0.1166704667471559,
    0.11580667221419345,
    0.11497500210642003,
    0.1140375380474036,
    0.11313915365354714,
    0.11213086711601265,
    0.11116849679995042,
    0.11009244991697338,
    0.10906901636572539,
    0.10792847705632337,
    0.10684708840394794,
    0.10564552044851791,
    0.10450946083681072,
    0.10325051335774181,
    0.10206323296240513,
    0.10075072934181395,
    0.09951583389438652,
    0.0981537601626312,
    0.096875,
    0.09546749273023714,
    0.09414875140498753,
    0.09270008515053534,
    0.09134536763672954,
    0.08985994194939001,
    0.08847336247959244,
    0.08695568854835709,
    0.08554145811884532,
    0.0839961450695625,
    0.08255855865166996,
    0.08099029954928108,
    0.07953372304571028,
    0.0779472806415659,
    0.07647613762728546,
    0.07487632989482595,
    0.0733950881828187
  ],