{
  "steps": [
    0,
    25,
    50,
    75,
    100,
    125,
    150,
    175,
    200,
    225,
    250,
    275,
    300,
    325,
    350,
    375,
    400,
    425,
    450,
    475,
    500,
    525,
    550,
    575,
    600,
    625,
    650,
    675,
    700,
    725,
    750,
    775,
    800,
    825,
    850,
    875,
    900,
    925,
    950,
    975,
    1000,
    1025,
    1050,
    1075,
    1100,
    1125,
    1150,
    1175,
    1200,
    1225,
    1250,
    1275,
    1300,
    1325,
    1350,
    1375,
    1400,
    1425,
    1450,
    1475,
    1499
  ],
  "train_loss": [
    10.798446655273438,
    10.762320518493652,
    10.593103408813477,
    10.243148803710938,
    9.855133056640625,
    9.34378433227539,
    8.758163452148438,
    8.102056503295898,
    7.705791473388672,
    7.4442667961120605,
    7.0971479415893555,
    6.91290283203125,
    6.721041202545166,
    6.682043075561523,
    6.541883945465088,
    6.389957904815674,
    6.236729621887207,
    6.282164573669434,
    6.099730491638184,
    6.141520023345947,
    6.047572612762451,
    5.902627944946289,
    5.872096538543701,
    5.743581771850586,
    5.850682258605957,
    5.6175007820129395,
    5.673532009124756,
    5.734188079833984,
    5.681017875671387,
    5.532743453979492,
    5.593569755554199,
    5.368716716766357,
    5.475175380706787,
    5.365090370178223,
    5.394254684448242,
    5.374272346496582,
    5.312717437744141,
    5.279160499572754,
    5.236536026000977,
    5.336156368255615,
    5.148748397827148,
    5.234643459320068,
    5.101571559906006,
    5.207492351531982,
    5.026422023773193,
    5.111297607421875,
    5.031732082366943,
    5.1005377769470215,
    4.870555877685547,
    4.99962854385376,
    4.954771041870117,
    4.993316650390625,
    4.911407947540283,
    4.830549716949463,
    4.91448450088501,
    4.764161586761475,
    4.908689498901367,
    4.725520133972168,
    4.825396537780762,
    4.693633556365967,
    4.676791191101074
  ],
  "val_loss": [
    10.786028060913086,
    10.735403938293457,
    10.563293685913086,
    10.191129531860351,
    9.830236129760742,
    9.276689453125,
    8.666962661743163,
    8.06822603225708,
    7.697820167541504,
    7.351953201293945,
    7.095464611053467,
    6.86676929473877,
    6.692513465881348,
    6.536790771484375,
    6.424231414794922,
    6.302993564605713,
    6.208970718383789,
    6.114097995758057,
    6.036736488342285,
    5.954148654937744,
    5.88356014251709,
    5.8163275718688965,
    5.754052486419678,
    5.689517688751221,
    5.631493053436279,
    5.568876171112061,
    5.522155303955078,
    5.46651288986206,
    5.4185387229919435,
    5.362853240966797,
    5.321177864074707,
    5.277020721435547,
    5.236263618469239,
    5.1905349922180175,
    5.154568767547607,
    5.107553157806397,
    5.072374973297119,
    5.031522617340088,
    4.99624490737915,
    4.960930709838867,
    4.928108100891113,
    4.89731653213501,
    4.864584217071533,
    4.832669792175293,
    4.8021311378479,
    4.769884834289551,
    4.742588386535645,
    4.712606601715088,
    4.684253215789795,
    4.658668098449707,
    4.634119472503662,
    4.609872856140137,
    4.585603179931641,
    4.559365272521973,
    4.532677803039551,
    4.507160282135009,
    4.486782531738282,
    4.465606441497803,
    4.443487014770508,
    4.422847957611084,
    4.403099155426025
  ],
  "val_accuracy": [
    0.016357421875,
    0.016357421875,
    0.0228466796875,
    0.086337890625,
    0.069794921875,
    0.0812255859375,
    0.080546875,
    0.0931494140625,
    0.112734375,
    0.1280908203125,
    0.144443359375,
    0.1577197265625,
    0.1681982421875,
    0.17671875,
    0.1828564453125,
    0.1897607421875,
    0.196005859375,
    0.20173828125,
    0.2066943359375,
    0.2125390625,
    0.21791015625,
    0.2215380859375,
    0.2267919921875,
    0.231708984375,
    0.236015625,
    0.240517578125,
    0.245244140625,
    0.249990234375,
    0.25365234375,
    0.2588134765625,
    0.263076171875,
    0.2668310546875,
    0.2717919921875,
    0.2747607421875,
    0.2781298828125,
    0.2841650390625,
    0.286943359375,
    0.2909228515625,
    0.2952197265625,
    0.2982470703125,
    0.3014501953125,
    0.3031298828125,
    0.3068896484375,
    0.3096826171875,
    0.3142333984375,
    0.3163916015625,
    0.3189111328125,
    0.3227734375,
    0.325966796875,
    0.32833984375,
    0.3303369140625,
    0.3336767578125,
    0.3357666015625,
    0.338486328125,
    0.3410546875,
    0.3442529296875,
    0.3461083984375,
    0.3475439453125,
    0.3509228515625,
    0.3532080078125,
    0.3558544921875
  ],
  "val_perplexity": [
    48340.64808207659,
    45954.35674944677,
    38688.34558204801,
    26665.597538030965,
    18587.342731685283,
    10685.996800689909,
    5807.8321816499365,
    3191.4353011666326,
    2203.53940611458,
    1559.2390632837723,
    1206.4827785278915,
    959.842582773569,
    806.3464314695428,
    690.0684333795645,
    616.6067205714396,
    546.2045638292751,
    497.18924008555354,
    452.1879878799416,
    418.52494267900266,
    385.3487062719121,
    359.0853638437399,
    335.7368175271052,
    315.4664970792805,
    295.75094222927424,
    279.07848581795986,
    262.1393338823085,
    250.17365680866655,
    236.63358498942736,
    225.54929157958435,
    213.33276870073425,
    204.6247602580954,
    195.78570542602324,
    187.9664742498395,
    179.56459289905666,
    173.221092093999,
    165.26548119219837,
    159.55281138716995,
    153.16604851978855,
    147.8568990017324,
    142.72657112381242,
    138.1179597574396,
    133.92990045468667,
    129.61703485612318,
    125.54569453390177,
    121.769649099426,
    117.90566248935434,
    114.73078529794016,
    111.34200624905108,
    108.22941810110123,
    105.49547895066753,
    102.93723900907321,
    100.47137450590643,
    98.06231852946999,
    95.52282961918658,
    93.00728310459125,
    90.6639924480846,
    88.83516125791674,
    86.97375804585815,
    85.07106914799394,
    83.33327736809771,
    81.70368912914557
  ],
  "learning_rates": [
    0.0,
    0.005416666666666667,
    0.010416666666666666,
    0.015833333333333335,
    0.020833333333333332,
    0.02625,
    0.03125,
    0.031244224899673472,
    0.03122864632484351,
    0.031200680833196156,
    0.031164650149783663,
    0.031114579197094483,
    0.031058205829100783,
    0.030986181479207432,
    0.030909636630698314,
    0.030815877619184216,
    0.03071939375434883,
    0.030604184824250417,
    0.030488054961415174,
    0.03035174599846662,
    0.030216322820208148,
    0.030059327790249914,
    0.029905022572309686,
    0.029727818264087852,
    0.02955509962634125,
    0.029358224203515786,
    0.029167616686788973,
    0.028951668053548364,
    0.028743750526605008,
    0.0285093845118509,
    0.028284788413386785,
    0.028032716779003163,
    0.027792124199987604,
    0.027523112479243345,
    0.027267254091431346,
    0.026982119264080843,
    0.026711772100986984,
    0.026411380112129478,
    0.02612736520920268,
    0.025812628339435453,
    0.025515808240601283,
    0.025187682335453487,
    0.02487895847359663,
    0.0245384400406578,
    0.02421875,
    0.023866873182559284,
    0.023537187851246883,
    0.023175021287633834,
    0.022836341909182385,
    0.022464985487347502,
    0.02211834061989811,
    0.02173892213708927,
    0.02138536452971133,
    0.020999036267390626,
    0.02063963966291749,
    0.02024757488732027,
    0.01988343076142757,
    0.019486820160391476,
    0.019119034406821365,
    0.01871908247370649,
    0.018348772045704675
  ],