{
  "steps": [
    0,
    25,
    50,
    75,
    100,
    125,
    150,
    175,
    200,
    225,
    250,
    275,
    300,
    325,
    350,
    375,
    400,
    425,
    450,
    475,
    500,
    525,
    550,
    575,
    600,
    625,
    650,
    675,
    700,
    725,
    750,
    775,
    800,
    825,
    850,
    875,
    900,
    925,
    950,
    975,
    1000,
    1025,
    1050,
    1075,
    1100,
    1125,
    1150,
    1175,
    1200,
    1225,
    1250,
    1275,
    1300,
    1325,
    1350,
    1375,
    1400,
    1425,
    1450,
    1475,
    1499
  ],
  "train_loss": [
    10.798446655273438,
    10.762474060058594,
    10.584868431091309,
    10.232223510742188,
    9.826750755310059,
    9.319412231445312,
    8.731780052185059,
    8.077741622924805,
    7.662196159362793,
    7.405951976776123,
    7.063653945922852,
    6.890383720397949,
    6.718072414398193,
    6.68548059463501,
    6.544776916503906,
    6.409007549285889,
    6.258151531219482,
    6.307796001434326,
    6.121806621551514,
    6.160777568817139,
    6.074275016784668,
    5.91312837600708,
    5.892697334289551,
    5.7652482986450195,
    5.878231048583984,
    5.644778728485107,
    5.691503524780273,
    5.766048908233643,
    5.69920539855957,
    5.559897422790527,
    5.608121871948242,
    5.401148796081543,
    5.498025894165039,
    5.394480228424072,
    5.422333717346191,
    5.406647205352783,
    5.32971715927124,
    5.294524192810059,
    5.26581335067749,
    5.364634037017822,
    5.162322998046875,
    5.263612270355225,
    5.126626491546631,
    5.218613624572754,
    5.049185276031494,
    5.1104888916015625,
    5.066354274749756,
    5.122164249420166,
    4.884448051452637,
    5.008303165435791,
    4.974488735198975,
    5.003750801086426,
    4.916385650634766,
    4.844248294830322,
    4.942855358123779,
    4.764019012451172,
    4.920198917388916,
    4.743337631225586,
    4.819276332855225,
    4.704256534576416,
    4.7045135498046875
  ],
  "val_loss": [
    10.786028060913086,
    10.735300064086914,
    10.554683380126953,
    10.183134803771972,
    9.798536262512208,
    9.252135772705078,
    8.642792701721191,
    8.032487430572509,
    7.646391048431396,
    7.306239471435547,
    7.05290491104126,
    6.842186470031738,
    6.682779521942138,
    6.5362382507324215,
    6.424556827545166,
    6.311002349853515,
    6.224043388366699,
    6.132101573944092,
    6.052135238647461,
    5.97835786819458,
    5.903770580291748,
    5.83505844116211,
    5.774243793487549,
    5.711113090515137,
    5.6512784576416015,
    5.588611888885498,
    5.544439373016357,
    5.485904178619385,
    5.436762084960938,
    5.386861667633057,
    5.342002258300782,
    5.297969989776611,
    5.253644771575928,
    5.210250968933106,
    5.170399856567383,
    5.124355392456055,
    5.08911979675293,
    5.0500365829467775,
    5.014117565155029,
    4.977691822052002,
    4.940411796569824,
    4.912394542694091,
    4.876850929260254,
    4.843808250427246,
    4.8156288146972654,
    4.781626987457275,
    4.75522590637207,
    4.726152629852295,
    4.699614524841309,
    4.671833190917969,
    4.64848554611206,
    4.6225886726379395,
    4.60053014755249,
    4.5707863998413085,
    4.546881790161133,
    4.516650791168213,
    4.496572608947754,
    4.475439872741699,
    4.453870105743408,
    4.433480930328369,
    4.415544052124023
  ],
  "val_accuracy": [
    0.016357421875,
    0.016357421875,
    0.0252685546875,
    0.082265625,
    0.0957177734375,
    0.091875,
    0.0887548828125,
    0.100576171875,
    0.1220703125,
    0.136787109375,
    0.1546337890625,
    0.165654296875,
    0.17330078125,
    0.1806396484375,
    0.1852392578125,
    0.1927490234375,
    0.1974365234375,
    0.2039599609375,
    0.209150390625,
    0.2135791015625,
    0.219443359375,
    0.2241650390625,
    0.22861328125,
    0.234580078125,
    0.2390087890625,
    0.24353515625,
    0.2483447265625,
    0.25251953125,
    0.257060546875,
    0.259658203125,
    0.2647607421875,
    0.26849609375,
    0.2723974609375,
    0.276484375,
    0.2811328125,
    0.285458984375,
    0.2887939453125,
    0.2924072265625,
    0.2955029296875,
    0.299599609375,
    0.30353515625,
    0.3054296875,
    0.3099072265625,
    0.3127783203125,
    0.3162060546875,
    0.318984375,
    0.32146484375,
    0.324814453125,
    0.3277734375,
    0.3291357421875,
    0.3320361328125,
    0.3348193359375,
    0.3370556640625,
    0.340634765625,
    0.3419482421875,
    0.3457373046875,
    0.3478515625,
    0.3497900390625,
    0.35328125,
    0.3544970703125,
    0.356533203125
  ],
  "val_perplexity": [
    48340.64808207659,
    45949.58352501397,
    38356.65711499707,
    26453.26324482557,
    18007.3675688065,
    10426.811251273135,
    5669.139954580506,
    3079.39192821552,
    2093.078124745467,
    1489.5650915030678,
    1156.2125637917143,
    936.534602579469,
    798.5355773907831,
    689.6872615622208,
    616.8074049110501,
    550.5965626947709,
    504.73997130958077,
    460.4027150311715,
    425.0195800833147,
    394.79153582953165,
    366.41646913110577,
    342.08472529499875,
    321.900919084651,
    302.20726517976715,
    284.6551528505389,
    267.3642307483841,
    255.8111234162019,
    241.26699386257303,
    229.6972379351804,
    218.5165308270808,
    208.9306248409117,
    199.93053671137986,
    191.2621062919036,
    183.14001488077017,
    175.98519225210407,
    168.06577026369985,
    162.2469888575682,
    156.02817235231404,
    150.52325118128408,
    145.13898811676717,
    139.82781832183107,
    135.9645979548314,
    131.21680159655713,
    126.95189693618137,
    123.42439898988572,
    119.29828905383012,
    116.189898238205,
    112.86050982490491,
    109.90479871591089,
    106.89351915807637,
    104.42671631508658,
    101.75710731428924,
    99.53707099120659,
    96.62006190590776,
    94.3377841968775,
    91.52853587691794,
    89.70913550267679,
    87.83322735619102,
    85.95897140613779,
    84.22408540870204,
    82.72683637610197
  ],
  "learning_rates": [
    0.0,
    0.005416666666666667,
    0.010416666666666666,
    0.015833333333333335,
    0.020833333333333332,
    0.02625,
    0.03125,
    0.031244224899673472,
    0.03122864632484351,
    0.031200680833196156,
    0.031164650149783663,
    0.031114579197094483,
    0.031058205829100783,
    0.030986181479207432,
    0.030909636630698314,
    0.030815877619184216,
    0.03071939375434883,
    0.030604184824250417,
    0.030488054961415174,
    0.03035174599846662,
    0.030216322820208148,
    0.030059327790249914,
    0.029905022572309686,
    0.029727818264087852,
    0.02955509962634125,
    0.029358224203515786,
    0.029167616686788973,
    0.028951668053548364,
    0.028743750526605008,
    0.0285093845118509,
    0.028284788413386785,
    0.028032716779003163,
    0.027792124199987604,
    0.027523112479243345,
    0.027267254091431346,
    0.026982119264080843,
    0.026711772100986984,
    0.026411380112129478,
    0.02612736520920268,
    0.025812628339435453,
    0.025515808240601283,
    0.025187682335453487,
    0.02487895847359663,
    0.0245384400406578,
    0.02421875,
    0.023866873182559284,
    0.023537187851246883,
    0.023175021287633834,
    0.022836341909182385,
    0.022464985487347502,
    0.02211834061989811,
    0.02173892213708927,
    0.02138536452971133,
    0.020999036267390626,
    0.02063963966291749,
    0.02024757488732027,
    0.01988343076142757,
    0.019486820160391476,
    0.019119034406821365,
    0.01871908247370649,
    0.018348772045704675
  ],