{
  "steps": [
    0,
    25,
    50,
    75,
    100,
    125,
    150,
    175,
    200,
    225,
    250,
    275,
    300,
    325,
    350,
    375,
    400,
    425,
    450,
    475,
    500,
    525,
    550,
    575,
    600,
    625,
    650,
    675,
    700,
    725,
    750,
    775,
    800,
    825,
    850,
    875,
    900,
    925,
    950,
    975,
    1000,
    1025,
    1050,
    1075,
    1100,
    1125,
    1150,
    1175,
    1200,
    1225,
    1250,
    1275,
    1300,
    1325,
    1350,
    1375,
    1400,
    1425,
    1450,
    1475,
    1499
  ],
  "train_loss": [
    10.798446655273438,
    10.738142967224121,
    10.455190658569336,
    10.203422546386719,
    9.79913330078125,
    9.291234970092773,
    8.709476470947266,
    8.056276321411133,
    7.67704963684082,
    7.431910991668701,
    7.104456901550293,
    6.94637393951416,
    6.783764839172363,
    6.766087055206299,
    6.638333320617676,
    6.513206481933594,
    6.3575029373168945,
    6.41886568069458,
    6.24583101272583,
    6.269160747528076,
    6.204362869262695,
    6.057985305786133,
    6.036348819732666,
    5.910851001739502,
    6.031101703643799,
    5.804540634155273,
    5.85439395904541,
    5.927568435668945,
    5.866252899169922,
    5.734793663024902,
    5.799182891845703,
    5.591658592224121,
    5.68190860748291,
    5.587552070617676,
    5.61808443069458,
    5.613860130310059,
    5.5208845138549805,
    5.495415210723877,
    5.482295036315918,
    5.570891857147217,
    5.367700576782227,
    5.466687202453613,
    5.328501224517822,
    5.449872970581055,
    5.260992050170898,
    5.3548970222473145,
    5.289458751678467,
    5.33899450302124,
    5.106137275695801,
    5.245603561401367,
    5.193577766418457,
    5.2331929206848145,
    5.136211395263672,
    5.0599870681762695,
    5.149420738220215,
    5.0071868896484375,
    5.138786792755127,
    4.961902618408203,
    5.050294399261475,
    4.919442176818848,
    4.930988311767578
  ],
  "val_loss": [
    10.786028060913086,
    10.703661231994628,
    10.42876823425293,
    10.154517822265625,
    9.767301292419434,
    9.219458770751952,
    8.615741539001466,
    8.019124641418458,
    7.656081867218018,
    7.337119770050049,
    7.10346134185791,
    6.898769512176513,
    6.749240169525146,
    6.621072521209717,
    6.523407669067383,
    6.419338264465332,
    6.3397771263122555,
    6.2580945014953615,
    6.1864470100402835,
    6.117908573150634,
    6.054891872406006,
    5.995805931091309,
    5.941006164550782,
    5.887742424011231,
    5.8387676620483395,
    5.785688743591309,
    5.743681297302246,
    5.694598541259766,
    5.649159126281738,
    5.604772415161133,
    5.566760101318359,
    5.522355480194092,
    5.488624134063721,
    5.443223781585694,
    5.409517021179199,
    5.3684840965271,
    5.336729965209961,
    5.301186141967773,
    5.2674956893920895,
    5.231332149505615,
    5.199279136657715,
    5.1690311622619625,
    5.138141746520996,
    5.108071784973145,
    5.080728664398193,
    5.0457565879821775,
    5.020837516784668,
    4.995256748199463,
    4.966280822753906,
    4.9407594871521,
    4.917136726379394,
    4.892684001922607,
    4.868331432342529,
    4.840345668792724,
    4.814724540710449,
    4.786342868804931,
    4.766982307434082,
    4.745899696350097,
    4.723746643066407,
    4.703552494049072,
    4.687789802551269
  ],
  "val_accuracy": [
    0.016357421875,
    0.016357421875,
    0.0819091796875,
    0.080068359375,
    0.091650390625,
    0.095859375,
    0.097255859375,
    0.1015869140625,
    0.114853515625,
    0.1313134765625,
    0.143486328125,
    0.15623046875,
    0.1634521484375,
    0.1704248046875,
    0.1738623046875,
    0.1808642578125,
    0.1852880859375,
    0.18970703125,
    0.1928564453125,
    0.19595703125,
    0.2002783203125,
    0.20287109375,
    0.2073681640625,
    0.210625,
    0.214189453125,
    0.2172216796875,
    0.22033203125,
    0.224130859375,
    0.22646484375,
    0.230009765625,
    0.2323681640625,
    0.236669921875,
    0.2380908203125,
    0.2422900390625,
    0.245087890625,
    0.24814453125,
    0.2509521484375,
    0.2534716796875,
    0.2564404296875,
    0.260380859375,
    0.2629931640625,
    0.2647021484375,
    0.2672314453125,
    0.27037109375,
    0.273212890625,
    0.27642578125,
    0.2788671875,
    0.281474609375,
    0.284306640625,
    0.286240234375,
    0.2883984375,
    0.292109375,
    0.294072265625,
    0.29677734375,
    0.299931640625,
    0.3037890625,
    0.30466796875,
    0.3068115234375,
    0.309541015625,
    0.3117529296875,
    0.3138671875
  ],
  "val_perplexity": [
    48340.64808207659,
    44518.549856079335,
    33818.66791732246,
    25706.979818172204,
    17453.60143715775,
    10091.600980209689,
    5517.838789704278,
    3038.5163770822355,
    2113.4603663524363,
    1536.2808930227275,
    1216.169375462443,
    991.0544845436143,
    853.4100691307835,
    750.7498606204806,
    680.8947002888995,
    613.5969408510043,
    566.6700014735786,
    522.2228964812269,
    486.11586947422745,
    453.9143723756206,
    426.1928197589064,
    401.74032857721676,
    380.3173989771759,
    360.5903047654075,
    343.35594927069224,
    325.60622210057824,
    312.21164191182714,
    297.2574330339517,
    284.0525130806039,
    271.72007902652143,
    261.585215239767,
    250.22374064301644,
    241.92412261139867,
    231.18627748211887,
    223.52360443894264,
    214.53740308578335,
    207.83198008460573,
    200.57457885874143,
    193.9296936265135,
    187.04180527799056,
    181.14161644820706,
    175.74448708510252,
    170.39882971825173,
    165.3512145903834,
    160.89124895132193,
    155.36179961353116,
    151.5381664197424,
    147.71086501399944,
    143.49222072490073,
    139.87644359018577,
    136.6108982792759,
    133.3109010182758,
    130.10364894298186,
    126.51307579483094,
    123.31283996410512,
    119.86221428711164,
    117.56393431508076,
    115.11132416665231,
    112.58929532969664,
    110.33845372867083,
    108.61285846375999
  ],
  "learning_rates": [
    0.0,
    0.010833333333333334,
    0.020833333333333332,
    0.03166666666666667,
    0.041666666666666664,
    0.0525,
    0.0625,
    0.062488449799346944,
    0.06245729264968702,
    0.06240136166639231,
    0.062329300299567326,
    0.062229158394188966,
    0.062116411658201566,
    0.061972362958414864,
    0.06181927326139663,
    0.06163175523836843,
    0.06143878750869766,
    0.061208369648500835,
    0.06097610992283035,
    0.06070349199693324,
    0.060432645640416296,
    0.06011865558049983,
    0.05981004514461937,
    0.059455636528175704,
    0.0591101992526825,
    0.05871644840703157,
    0.05833523337357795,
    0.05790333610709673,
    0.057487501053210016,
    0.0570187690237018,
    0.05656957682677357,
    0.056065433558006326,
    0.05558424839997521,
    0.05504622495848669,
    0.05453450818286269,
    0.053964238528161686,
    0.05342354420197397,
    0.052822760224258955,
    0.05225473041840536,
    0.051625256678870905,
    0.051031616481202566,
    0.050375364670906975,
    0.04975791694719326,
    0.0490768800813156,
    0.0484375,
    0.04773374636511857,
    0.047074375702493766,
    0.04635004257526767,
    0.04567268381836477,
    0.044929970974695005,
    0.04423668123979622,
    0.04347784427417854,
    0.04277072905942266,
    0.04199807253478125,
    0.04127927932583498,
    0.04049514977464054,
    0.03976686152285514,
    0.03897364032078295,
    0.03823806881364273,
    0.03743816494741298,
    0.03669754409140935
  ],