{
  "steps": [
    0,
    25,
    50,
    75,
    100,
    125,
    150,
    175,
    200,
    225,
    250,
    275,
    300,
    325,
    350,
    375,
    400,
    425,
    450,
    475,
    500,
    525,
    550,
    575,
    600,
    625,
    650,
    675,
    700,
    725,
    750,
    775,
    800,
    825,
    850,
    875,
    900,
    925,
    950,
    975,
    1000,
    1025,
    1050,
    1075,
    1100,
    1125,
    1150,
    1175,
    1200,
    1225,
    1250,
    1275,
    1300,
    1325,
    1350,
    1375,
    1400,
    1425,
    1450,
    1475,
    1499
  ],
  "train_loss": [
    10.798446655273438,
    10.762584686279297,
    10.58568000793457,
    10.232364654541016,
    9.827580451965332,
    9.31927490234375,
    8.730937957763672,
    8.06995964050293,
    7.662684917449951,
    7.4045209884643555,
    7.064841270446777,
    6.888575077056885,
    6.715060710906982,
    6.683356761932373,
    6.533378601074219,
    6.4011054039001465,
    6.24553918838501,
    6.298131465911865,
    6.119028568267822,
    6.161199569702148,
    6.066958904266357,
    5.908641338348389,
    5.891857147216797,
    5.75990629196167,
    5.868382930755615,
    5.639071464538574,
    5.68697452545166,
    5.756885528564453,
    5.700400352478027,
    5.549716949462891,
    5.6045074462890625,
    5.389408111572266,
    5.487877368927002,
    5.393386363983154,
    5.409040451049805,
    5.403680324554443,
    5.306426048278809,
    5.28248405456543,
    5.247316837310791,
    5.358232498168945,
    5.168190002441406,
    5.260806560516357,
    5.106584548950195,
    5.2137298583984375,
    5.044170379638672,
    5.115333080291748,
    5.045200824737549,
    5.112421035766602,
    4.876054286956787,
    5.006097316741943,
    4.9604926109313965,
    4.996688365936279,
    4.892882823944092,
    4.846847057342529,
    4.907324314117432,
    4.760783672332764,
    4.912105560302734,
    4.728323459625244,
    4.818792343139648,
    4.694797039031982,
    4.682293891906738
  ],
  "val_loss": [
    10.786028060913086,
    10.735509910583495,
    10.555548629760743,
    10.183262252807618,
    9.79919116973877,
    9.252423667907715,
    8.643236351013183,
    8.030374336242676,
    7.647572555541992,
    7.3054975891113285,
    7.052973899841309,
    6.838205223083496,
    6.672906875610352,
    6.525693435668945,
    6.414507160186767,
    6.303194770812988,
    6.216743259429932,
    6.123059368133545,
    6.046429023742676,
    5.974152317047119,
    5.899449119567871,
    5.834372577667236,
    5.772807159423828,
    5.71096025466919,
    5.652065982818604,
    5.5912948417663575,
    5.543695659637451,
    5.491658744812011,
    5.441164588928222,
    5.38704029083252,
    5.341112537384033,
    5.293583164215088,
    5.255099945068359,
    5.207399063110351,
    5.167709941864014,
    5.1207793426513675,
    5.08443920135498,
    5.0459831428527835,
    5.008467712402344,
    4.972499160766602,
    4.9370082664489745,
    4.905634174346924,
    4.870437793731689,
    4.8369918632507325,
    4.80764835357666,
    4.774412937164307,
    4.74848165512085,
    4.7173046875,
    4.6880777549743655,
    4.6607082748413085,
    4.6358719825744625,
    4.610420455932617,
    4.585617294311524,
    4.557693309783936,
    4.5312574768066405,
    4.503069362640381,
    4.483595485687256,
    4.46367998123169,
    4.442104740142822,
    4.418007736206055,
    4.3998486328125
  ],
  "val_accuracy": [
    0.016357421875,
    0.016357421875,
    0.0185302734375,
    0.082451171875,
    0.096240234375,
    0.09123046875,
    0.092880859375,
    0.1024267578125,
    0.122880859375,
    0.138095703125,
    0.151220703125,
    0.1650634765625,
    0.1737890625,
    0.181591796875,
    0.185595703125,
    0.193427734375,
    0.1977587890625,
    0.20365234375,
    0.2072998046875,
    0.2121337890625,
    0.2174072265625,
    0.2219287109375,
    0.2250439453125,
    0.2299072265625,
    0.2343701171875,
    0.2386328125,
    0.2430517578125,
    0.2469140625,
    0.2516064453125,
    0.2557470703125,
    0.2593408203125,
    0.2647412109375,
    0.267685546875,
    0.2722216796875,
    0.2761669921875,
    0.2808349609375,
    0.28349609375,
    0.287373046875,
    0.2920263671875,
    0.2957275390625,
    0.2982275390625,
    0.3016357421875,
    0.3058251953125,
    0.30828125,
    0.3126806640625,
    0.314619140625,
    0.3179736328125,
    0.321953125,
    0.323759765625,
    0.326513671875,
    0.328896484375,
    0.33158203125,
    0.3344970703125,
    0.3381103515625,
    0.3398095703125,
    0.3430712890625,
    0.3454541015625,
    0.3463330078125,
    0.3498828125,
    0.3531298828125,
    0.3549853515625
  ],
  "val_perplexity": [
    48340.64808207659,
    45959.22689591447,
    38389.85956064977,
    26456.634902568494,
    18019.164586513085,
    10429.813512358729,
    5671.655622503441,
    3072.8917527533295,
    2095.5525729340993,
    1488.4604193099622,
    1156.2923322606252,
    932.8134394009375,
    790.69070658863,
    682.4528467551694,
    610.6397390714785,
    546.3144746349568,
    501.0687210436032,
    456.258423929576,
    422.60123338556,
    393.13470621583866,
    364.8364312459417,
    341.8501823111946,
    321.4387972885897,
    302.16108060616114,
    284.87941424432853,
    268.0825195181037,
    255.6209439895021,
    242.65938320475297,
    230.71071020738432,
    218.55556643518145,
    208.74481756440875,
    199.05539726789448,
    191.54062843896057,
    182.61846087091033,
    175.5124432082454,
    167.46583204259358,
    161.48935082991542,
    155.39700157337688,
    149.67521487222638,
    144.38728387399271,
    139.3527190963319,
    135.04852716735707,
    130.37798306767866,
    126.0894862556128,
    122.44333524973749,
    118.44076203722918,
    115.40892088559903,
    111.86633124336613,
    108.64413830287062,
    105.71092803858413,
    103.11779572461631,
    100.52640767643727,
    98.06370262805372,
    95.36325244814766,
    92.87527618918027,
    90.29385097960463,
    88.55249019015623,
    86.8063678438437,
    84.95355880205585,
    82.93090043751054,
    81.43854060911396
  ],
  "learning_rates": [
    0.0,
    0.005416666666666667,
    0.010416666666666666,
    0.015833333333333335,
    0.020833333333333332,
    0.02625,
    0.03125,
    0.031244224899673472,
    0.03122864632484351,
    0.031200680833196156,
    0.031164650149783663,
    0.031114579197094483,
    0.031058205829100783,
    0.030986181479207432,
    0.030909636630698314,
    0.030815877619184216,
    0.03071939375434883,
    0.030604184824250417,
    0.030488054961415174,
    0.03035174599846662,
    0.030216322820208148,
    0.030059327790249914,
    0.029905022572309686,
    0.029727818264087852,
    0.02955509962634125,
    0.029358224203515786,
    0.029167616686788973,
    0.028951668053548364,
    0.028743750526605008,
    0.0285093845118509,
    0.028284788413386785,
    0.028032716779003163,
    0.027792124199987604,
    0.027523112479243345,
    0.027267254091431346,
    0.026982119264080843,
    0.026711772100986984,
    0.026411380112129478,
    0.02612736520920268,
    0.025812628339435453,
    0.025515808240601283,
    0.025187682335453487,
    0.02487895847359663,
    0.0245384400406578,
    0.02421875,
    0.023866873182559284,
    0.023537187851246883,
    0.023175021287633834,
    0.022836341909182385,
    0.022464985487347502,
    0.02211834061989811,
    0.02173892213708927,
    0.02138536452971133,
    0.020999036267390626,
    0.02063963966291749,
    0.02024757488732027,
    0.01988343076142757,
    0.019486820160391476,
    0.019119034406821365,
    0.01871908247370649,
    0.018348772045704675
  ],