{
  "steps": [
    0,
    25,
    50,
    75,
    100,
    125,
    150,
    175,
    200,
    225,
    250,
    275,
    300,
    325,
    350,
    375,
    400,
    425,
    450,
    475,
    500,
    525,
    550,
    575,
    600,
    625,
    650,
    675,
    700,
    725,
    750,
    775,
    800,
    825,
    850,
    875,
    900,
    925,
    950,
    975,
    1000,
    1025,
    1050,
    1075,
    1100,
    1125,
    1150,
    1175,
    1200,
    1225,
    1250,
    1275,
    1300,
    1325,
    1350,
    1375,
    1400,
    1425,
    1450,
    1475,
    1499
  ],
  "train_loss": [
    10.798446655273438,
    10.738073348999023,
    10.440887451171875,
    10.182939529418945,
    9.776872634887695,
    9.269718170166016,
    8.682893753051758,
    8.028114318847656,
    7.612133026123047,
    7.361061096191406,
    7.035785675048828,
    6.883669853210449,
    6.738500595092773,
    6.7065629959106445,
    6.579351425170898,
    6.459181785583496,
    6.307710647583008,
    6.3688530921936035,
    6.190720081329346,
    6.226927280426025,
    6.154534816741943,
    5.996490478515625,
    5.967881202697754,
    5.8476386070251465,
    5.963366985321045,
    5.7503886222839355,
    5.768248081207275,
    5.838990211486816,
    5.788283348083496,
    5.634972095489502,
    5.693057060241699,
    5.475464820861816,
    5.56904935836792,
    5.477676868438721,
    5.513524532318115,
    5.497352123260498,
    5.403497695922852,
    5.374955654144287,
    5.342774868011475,
    5.445362091064453,
    5.237677574157715,
    5.33761739730835,
    5.197083473205566,
    5.2942328453063965,
    5.127646446228027,
    5.203458786010742,
    5.142428398132324,
    5.199313163757324,
    4.955323696136475,
    5.0942864418029785,
    5.040632247924805,
    5.083920001983643,
    4.980832576751709,
    4.91856575012207,
    5.0032148361206055,
    4.838862895965576,
    4.992899417877197,
    4.7934746742248535,
    4.898417949676514,
    4.76755428314209,
    4.764893054962158
  ],
  "val_loss": [
    10.786028060913086,
    10.702556800842284,
    10.418084449768067,
    10.129287071228028,
    9.744553260803222,
    9.195481872558593,
    8.59121768951416,
    7.989021434783935,
    7.595623836517334,
    7.268519878387451,
    7.019912357330322,
    6.833156585693359,
    6.69916446685791,
    6.565501937866211,
    6.4660061264038085,
    6.356681041717529,
    6.280450649261475,
    6.198657245635986,
    6.13039644241333,
    6.050105056762695,
    5.990152606964111,
    5.933507270812989,
    5.871741352081298,
    5.8173497200012205,
    5.759164695739746,
    5.701126708984375,
    5.64984094619751,
    5.599683361053467,
    5.550350952148437,
    5.504972019195557,
    5.455907135009766,
    5.414555339813233,
    5.371378726959229,
    5.327985076904297,
    5.289177742004394,
    5.245306701660156,
    5.2112672996521,
    5.169092636108399,
    5.133886947631836,
    5.0973782730102535,
    5.0635129165649415,
    5.035483570098877,
    4.994959888458252,
    4.962933902740478,
    4.933002700805664,
    4.89865047454834,
    4.874624824523925,
    4.841684494018555,
    4.810592231750488,
    4.782216663360596,
    4.759270553588867,
    4.733398647308349,
    4.70782886505127,
    4.67966178894043,
    4.649817199707031,
    4.623505229949951,
    4.603416023254394,
    4.582224597930908,
    4.560188541412353,
    4.5366212844848635,
    4.5145267868042
  ],
  "val_accuracy": [
    0.016357421875,
    0.016357421875,
    0.0871044921875,
    0.09490234375,
    0.0961962890625,
    0.107353515625,
    0.106904296875,
    0.1140625,
    0.133056640625,
    0.1459912109375,
    0.16189453125,
    0.16880859375,
    0.1743408203125,
    0.1808642578125,
    0.1847265625,
    0.19060546875,
    0.1950732421875,
    0.198720703125,
    0.2035302734375,
    0.2077099609375,
    0.2105908203125,
    0.2131298828125,
    0.21669921875,
    0.22056640625,
    0.2239794921875,
    0.2266162109375,
    0.2310009765625,
    0.234384765625,
    0.237734375,
    0.2401123046875,
    0.2439599609375,
    0.248056640625,
    0.2504931640625,
    0.2548291015625,
    0.25814453125,
    0.2612548828125,
    0.2638232421875,
    0.267568359375,
    0.2722216796875,
    0.27537109375,
    0.2778564453125,
    0.2802099609375,
    0.2846240234375,
    0.28609375,
    0.2902197265625,
    0.29361328125,
    0.2949853515625,
    0.299365234375,
    0.3015478515625,
    0.3049853515625,
    0.305849609375,
    0.3084423828125,
    0.3123486328125,
    0.3148046875,
    0.3176806640625,
    0.3205712890625,
    0.322724609375,
    0.3243798828125,
    0.326904296875,
    0.3297119140625,
    0.3326318359375
  ],
  "val_perplexity": [
    48340.64808207659,
    44469.40932392339,
    33459.27978885506,
    25066.487439593107,
    17061.048194463918,
    9852.513433788814,
    5384.165927689568,
    2948.41033554233,
    1989.4705688485665,
    1434.425756456102,
    1118.6885685972156,
    928.1158707310917,
    811.727316673429,
    710.1682670960602,
    642.9108877683833,
    576.3303621711119,
    534.0292695030114,
    492.08784417982935,
    459.61833676902353,
    424.1575883272511,
    399.47556802934963,
    377.4761058080095,
    354.8663898745898,
    336.08016573456365,
    317.0833571881349,
    299.2043273262012,
    284.2462517810941,
    270.3407934484656,
    257.3278498221739,
    245.9115747788716,
    234.1371687864598,
    224.6526293857229,
    215.1593092415877,
    206.02243629335652,
    198.18040297439788,
    189.67397963394617,
    183.32624032105858,
    175.7552911067926,
    169.67535717337958,
    163.5924498447124,
    158.1450921776739,
    153.77393511249565,
    147.66702211275543,
    143.0127665345633,
    138.79564906753015,
    134.1086744399077,
    130.92502413712234,
    126.6825681270902,
    122.80432460554563,
    119.36865712533158,
    116.66079705456823,
    113.6812690759809,
    110.81131223120717,
    107.73362970400393,
    104.56586915840724,
    101.8504162900271,
    99.82473749105267,
    97.73156599703584,
    95.60150297335214,
    93.3747797316118,
    91.33433518185517
  ],
  "learning_rates": [
    0.0,
    0.010833333333333334,
    0.020833333333333332,
    0.03166666666666667,
    0.041666666666666664,
    0.0525,
    0.0625,
    0.062488449799346944,
    0.06245729264968702,
    0.06240136166639231,
    0.062329300299567326,
    0.062229158394188966,
    0.062116411658201566,
    0.061972362958414864,
    0.06181927326139663,
    0.06163175523836843,
    0.06143878750869766,
    0.061208369648500835,
    0.06097610992283035,
    0.06070349199693324,
    0.060432645640416296,
    0.06011865558049983,
    0.05981004514461937,
    0.059455636528175704,
    0.0591101992526825,
    0.05871644840703157,
    0.05833523337357795,
    0.05790333610709673,
    0.057487501053210016,
    0.0570187690237018,
    0.05656957682677357,
    0.056065433558006326,
    0.05558424839997521,
    0.05504622495848669,
    0.05453450818286269,
    0.053964238528161686,
    0.05342354420197397,
    0.052822760224258955,
    0.05225473041840536,
    0.051625256678870905,
    0.051031616481202566,
    0.050375364670906975,
    0.04975791694719326,
    0.0490768800813156,
    0.0484375,
    0.04773374636511857,
    0.047074375702493766,
    0.04635004257526767,
    0.04567268381836477,
    0.044929970974695005,
    0.04423668123979622,
    0.04347784427417854,
    0.04277072905942266,
    0.04199807253478125,
    0.04127927932583498,
    0.04049514977464054,
    0.03976686152285514,
    0.03897364032078295,
    0.03823806881364273,
    0.03743816494741298,
    0.03669754409140935
  ],