{
  "steps": [
    0,
    25,
    50,
    75,
    100,
    125,
    150,
    175,
    200,
    225,
    250,
    275,
    300,
    325,
    350,
    375,
    400,
    425,
    450,
    475,
    500,
    525,
    550,
    575,
    600,
    625,
    650,
    675,
    700,
    725,
    750,
    775,
    800,
    825,
    850,
    875,
    900,
    925,
    950,
    975,
    1000,
    1025,
    1050,
    1075,
    1100,
    1125,
    1150,
    1175,
    1200,
    1225,
    1250,
    1275,
    1300,
    1325,
    1350,
    1375,
    1400,
    1425,
    1450,
    1475,
    1499
  ],
  "train_loss": [
    10.798446655273438,
    10.737937927246094,
    10.440522193908691,
    10.182550430297852,
    9.77696418762207,
    9.268983840942383,
    8.683926582336426,
    8.025636672973633,
    7.616297721862793,
    7.367048263549805,
    7.0455451011657715,
    6.892428398132324,
    6.730423927307129,
    6.712798595428467,
    6.576380729675293,
    6.457170009613037,
    6.307807445526123,
    6.364688873291016,
    6.193544864654541,
    6.222216606140137,
    6.1557087898254395,
    5.994176864624023,
    5.973396301269531,
    5.848456859588623,
    5.962515830993652,
    5.73810338973999,
    5.774120330810547,
    5.84121036529541,
    5.790011405944824,
    5.637157440185547,
    5.698744773864746,
    5.482074737548828,
    5.575760841369629,
    5.473361968994141,
    5.5114569664001465,
    5.486289024353027,
    5.390737056732178,
    5.3705830574035645,
    5.348699569702148,
    5.440487861633301,
    5.2457275390625,
    5.339473247528076,
    5.201495170593262,
    5.289368629455566,
    5.122954845428467,
    5.204632759094238,
    5.133267402648926,
    5.190649032592773,
    4.958521366119385,
    5.095138072967529,
    5.04429292678833,
    5.0772294998168945,
    4.985577583312988,
    4.9219279289245605,
    5.006654262542725,
    4.820789337158203,
    4.983525276184082,
    4.798130989074707,
    4.885116100311279,
    4.7565507888793945,
    4.756347179412842
  ],
  "val_loss": [
    10.786028060913086,
    10.702322731018066,
    10.41765869140625,
    10.128849411010743,
    9.74449192047119,
    9.196727867126464,
    8.59245735168457,
    7.987950210571289,
    7.596960067749023,
    7.271050796508789,
    7.034257106781006,
    6.837488861083984,
    6.688509101867676,
    6.55889633178711,
    6.465825328826904,
    6.3560271835327145,
    6.285123500823975,
    6.1953507423400875,
    6.12585693359375,
    6.05716344833374,
    5.992042083740234,
    5.931766090393066,
    5.874568996429443,
    5.81379732131958,
    5.757026538848877,
    5.701447257995605,
    5.652604694366455,
    5.5985347938537595,
    5.553352317810059,
    5.507261943817139,
    5.462912559509277,
    5.416690769195557,
    5.373675975799561,
    5.330275955200196,
    5.290858459472656,
    5.2402486228942875,
    5.209676513671875,
    5.171576766967774,
    5.135884475708008,
    5.097125511169434,
    5.0632920074462895,
    5.037265567779541,
    4.996829681396484,
    4.9615904808044435,
    4.9358835029602055,
    4.898825435638428,
    4.873884830474854,
    4.8398069190979,
    4.810067977905273,
    4.7854852294921875,
    4.763996715545654,
    4.735227088928223,
    4.708636112213135,
    4.678878002166748,
    4.655536060333252,
    4.624524536132813,
    4.603203411102295,
    4.58231969833374,
    4.561954441070557,
    4.535490436553955,
    4.516137886047363
  ],
  "val_accuracy": [
    0.016357421875,
    0.016357421875,
    0.087197265625,
    0.0949609375,
    0.09615234375,
    0.1067578125,
    0.1036572265625,
    0.105556640625,
    0.12517578125,
    0.1499853515625,
    0.157197265625,
    0.166845703125,
    0.174658203125,
    0.180849609375,
    0.185830078125,
    0.1909716796875,
    0.1931201171875,
    0.2002783203125,
    0.202041015625,
    0.206455078125,
    0.2103466796875,
    0.2126904296875,
    0.21642578125,
    0.2188232421875,
    0.2226904296875,
    0.2269873046875,
    0.22921875,
    0.234892578125,
    0.23708984375,
    0.2390673828125,
    0.24291015625,
    0.2473486328125,
    0.250673828125,
    0.2540625,
    0.2565185546875,
    0.2620166015625,
    0.2636865234375,
    0.2668896484375,
    0.27033203125,
    0.2749365234375,
    0.278271484375,
    0.278994140625,
    0.2838818359375,
    0.286015625,
    0.2900244140625,
    0.292626953125,
    0.2949609375,
    0.299228515625,
    0.3012744140625,
    0.3043310546875,
    0.3052392578125,
    0.308388671875,
    0.3113720703125,
    0.315322265625,
    0.3172900390625,
    0.3203759765625,
    0.3217333984375,
    0.3235400390625,
    0.3261376953125,
    0.3293359375,
    0.331591796875
  ],
  "val_perplexity": [
    48340.64808207659,
    44459.001595214984,
    33445.03725285916,
    25055.51923560207,
    17060.001696199466,
    9864.79726321033,
    5390.844613311001,
    2945.253618080036,
    1992.1307384622337,
    1438.0607686155506,
    1134.8515254545098,
    932.1454465912154,
    803.1239830709922,
    705.4926349671307,
    642.7946615447358,
    575.9536470192133,
    536.5305485107922,
    490.46344112816064,
    457.536623827593,
    427.16204953158064,
    400.2310813754574,
    376.8194236705337,
    355.8712458343697,
    334.88839307599443,
    316.40610751402806,
    299.3002523509961,
    285.03292341939726,
    270.03046712979864,
    258.1013449846695,
    246.47533899111156,
    235.78315773905308,
    225.13287179070625,
    215.65415188595344,
    206.4949496497748,
    198.51376830753904,
    188.7170159442398,
    183.03483934789145,
    176.19243298314512,
    170.01462720106022,
    163.55110514134728,
    158.1101603432642,
    154.04820420908098,
    147.94338716010142,
    142.82076904256508,
    139.1960683598609,
    134.13214029252364,
    130.8281762362409,
    126.44493527084661,
    122.73996083911237,
    119.75945980946464,
    117.21345983363949,
    113.8893187851705,
    110.90080046320945,
    107.64922259287093,
    105.16557998722752,
    101.95428597759266,
    99.80351579485716,
    97.74086075029192,
    95.77047478449816,
    93.26924673728385,
    91.48160245938678
  ],
  "learning_rates": [
    0.0,
    0.010833333333333334,
    0.020833333333333332,
    0.03166666666666667,
    0.041666666666666664,
    0.0525,
    0.0625,
    0.062488449799346944,
    0.06245729264968702,
    0.06240136166639231,
    0.062329300299567326,
    0.062229158394188966,
    0.062116411658201566,
    0.061972362958414864,
    0.06181927326139663,
    0.06163175523836843,
    0.06143878750869766,
    0.061208369648500835,
    0.06097610992283035,
    0.06070349199693324,
    0.060432645640416296,
    0.06011865558049983,
    0.05981004514461937,
    0.059455636528175704,
    0.0591101992526825,
    0.05871644840703157,
    0.05833523337357795,
    0.05790333610709673,
    0.057487501053210016,
    0.0570187690237018,
    0.05656957682677357,
    0.056065433558006326,
    0.05558424839997521,
    0.05504622495848669,
    0.05453450818286269,
    0.053964238528161686,
    0.05342354420197397,
    0.052822760224258955,
    0.05225473041840536,
    0.051625256678870905,
    0.051031616481202566,
    0.050375364670906975,
    0.04975791694719326,
    0.0490768800813156,
    0.0484375,
    0.04773374636511857,
    0.047074375702493766,
    0.04635004257526767,
    0.04567268381836477,
    0.044929970974695005,
    0.04423668123979622,
    0.04347784427417854,
    0.04277072905942266,
    0.04199807253478125,
    0.04127927932583498,
    0.04049514977464054,
    0.03976686152285514,
    0.03897364032078295,
    0.03823806881364273,
    0.03743816494741298,
    0.03669754409140935
  ],