{
  "steps": [
    0,
    25,
    50,
    75,
    100,
    125,
    150,
    175,
    200,
    225,
    250,
    275,
    300,
    325,
    350,
    375,
    400,
    425,
    450,
    475,
    500,
    525,
    550,
    575,
    600,
    625,
    650,
    675,
    700,
    725,
    750,
    775,
    800,
    825,
    850,
    875,
    900,
    925,
    950,
    975,
    1000,
    1025,
    1050,
    1075,
    1100,
    1125,
    1150,
    1175,
    1200,
    1225,
    1250,
    1275,
    1300,
    1325,
    1350,
    1375,
    1400,
    1425,
    1450,
    1475,
    1499
  ],
  "train_loss": [
    10.798446655273438,
    10.762259483337402,
    10.584293365478516,
    10.231866836547852,
    9.826685905456543,
    9.319326400756836,
    8.731149673461914,
    8.072501182556152,
    7.663172245025635,
    7.404212474822998,
    7.068535327911377,
    6.893303871154785,
    6.720948219299316,
    6.6851277351379395,
    6.5418291091918945,
    6.408522129058838,
    6.258783340454102,
    6.303676128387451,
    6.124017715454102,
    6.156148433685303,
    6.071808338165283,
    5.923214435577393,
    5.889991760253906,
    5.767501354217529,
    5.880568981170654,
    5.642424583435059,
    5.70058012008667,
    5.761518955230713,
    5.710400104522705,
    5.552630424499512,
    5.605892181396484,
    5.395800590515137,
    5.489663124084473,
    5.396181583404541,
    5.414792060852051,
    5.398299217224121,
    5.3293657302856445,
    5.291066646575928,
    5.2561445236206055,
    5.359526634216309,
    5.164732933044434,
    5.257503032684326,
    5.118888854980469,
    5.221040725708008,
    5.046457767486572,
    5.120540618896484,
    5.070990085601807,
    5.120922088623047,
    4.8882012367248535,
    5.0141682624816895,
    4.964786529541016,
    4.993677616119385,
    4.928223133087158,
    4.84376859664917,
    4.941925525665283,
    4.768486976623535,
    4.9258317947387695,
    4.738422870635986,
    4.83365535736084,
    4.707486152648926,
    4.687984466552734
  ],
  "val_loss": [
    10.786028060913086,
    10.735082359313965,
    10.554102478027344,
    10.182646102905274,
    9.798434677124023,
    9.252282905578614,
    8.642199554443359,
    8.03225799560547,
    7.6444406318664555,
    7.3076252746582036,
    7.059493217468262,
    6.8445525550842286,
    6.68420970916748,
    6.533965244293213,
    6.417108116149902,
    6.3097944259643555,
    6.218705291748047,
    6.128734226226807,
    6.049675350189209,
    5.974640007019043,
    5.902766323089599,
    5.832808647155762,
    5.771127796173095,
    5.7111946487426755,
    5.651135482788086,
    5.5900689888000485,
    5.542244319915771,
    5.484631652832031,
    5.436583461761475,
    5.386459083557129,
    5.3402780914306645,
    5.294665718078614,
    5.250266323089599,
    5.20713809967041,
    5.1692041015625,
    5.121461486816406,
    5.087583961486817,
    5.0470422172546385,
    5.009544372558594,
    4.976531009674073,
    4.940476169586182,
    4.91263786315918,
    4.87645601272583,
    4.845307636260986,
    4.815294895172119,
    4.781935539245605,
    4.757539329528808,
    4.726848449707031,
    4.698801403045654,
    4.6692290878295895,
    4.646072616577149,
    4.620023880004883,
    4.598918571472168,
    4.568427085876465,
    4.5442162704467775,
    4.514689388275147,
    4.497079811096191,
    4.474848136901856,
    4.4528662300109865,
    4.433268814086914,
    4.414418811798096
  ],
  "val_accuracy": [
    0.016357421875,
    0.016357421875,
    0.0254541015625,
    0.0822802734375,
    0.095869140625,
    0.09263671875,
    0.0883251953125,
    0.101552734375,
    0.1181787109375,
    0.1379931640625,
    0.1509130859375,
    0.1642822265625,
    0.1729931640625,
    0.181103515625,
    0.1878369140625,
    0.1928076171875,
    0.1987109375,
    0.2047216796875,
    0.20947265625,
    0.214736328125,
    0.2196728515625,
    0.2243994140625,
    0.2278271484375,
    0.2343994140625,
    0.2397802734375,
    0.2433447265625,
    0.2487841796875,
    0.2541357421875,
    0.2577294921875,
    0.260029296875,
    0.265517578125,
    0.2691943359375,
    0.273671875,
    0.27697265625,
    0.2809716796875,
    0.2862451171875,
    0.2893310546875,
    0.293076171875,
    0.2970458984375,
    0.3004638671875,
    0.302890625,
    0.3056005859375,
    0.3099658203125,
    0.3122705078125,
    0.3162646484375,
    0.3193701171875,
    0.321259765625,
    0.324912109375,
    0.327353515625,
    0.3312353515625,
    0.3329443359375,
    0.335341796875,
    0.3372119140625,
    0.3412255859375,
    0.3429443359375,
    0.3473291015625,
    0.34810546875,
    0.3503662109375,
    0.3539892578125,
    0.35560546875,
    0.3572802734375
  ],
  "val_perplexity": [
    48340.64808207659,
    45939.58117018528,
    38334.38212276626,
    26440.338670533376,
    18005.53837629302,
    10428.345490840125,
    5665.778316720525,
    3078.685489073988,
    2088.999729077377,
    1491.630766586237,
    1163.8551948097402,
    938.7531467007975,
    799.67844983853,
    688.1213782812255,
    612.2300534143943,
    549.9318854739676,
    502.0527991487204,
    458.85498633250796,
    423.97536417761415,
    393.3264808291522,
    366.0486774626218,
    341.31597022490064,
    320.89943780207494,
    302.23191367379457,
    284.6144572310521,
    267.7540911099339,
    255.25022024791687,
    240.96017065287273,
    229.65621234380293,
    218.428577256984,
    208.5707039504087,
    199.27100213814916,
    190.61702741486033,
    182.57081034695744,
    175.77488284200712,
    167.58010685428155,
    161.99799546561994,
    155.56166574027915,
    149.83645099513674,
    144.97060673134698,
    139.83681974998856,
    135.9976849492495,
    131.16499214289078,
    127.14238958731704,
    123.38319205346677,
    119.33510443369596,
    116.4590057991796,
    112.93906773636444,
    109.81546905149835,
    106.61551954164005,
    104.17504576081974,
    101.4964558364674,
    99.37678861680229,
    96.39237354435093,
    94.0866598104799,
    91.34918748657431,
    89.75464770990716,
    87.78126866206212,
    85.87272257955446,
    84.20622200689097,
    82.63380115708179
  ],
  "learning_rates": [
    0.0,
    0.005416666666666667,
    0.010416666666666666,
    0.015833333333333335,
    0.020833333333333332,
    0.02625,
    0.03125,
    0.031244224899673472,
    0.03122864632484351,
    0.031200680833196156,
    0.031164650149783663,
    0.031114579197094483,
    0.031058205829100783,
    0.030986181479207432,
    0.030909636630698314,
    0.030815877619184216,
    0.03071939375434883,
    0.030604184824250417,
    0.030488054961415174,
    0.03035174599846662,
    0.030216322820208148,
    0.030059327790249914,
    0.029905022572309686,
    0.029727818264087852,
    0.02955509962634125,
    0.029358224203515786,
    0.029167616686788973,
    0.028951668053548364,
    0.028743750526605008,
    0.0285093845118509,
    0.028284788413386785,
    0.028032716779003163,
    0.027792124199987604,
    0.027523112479243345,
    0.027267254091431346,
    0.026982119264080843,
    0.026711772100986984,
    0.026411380112129478,
    0.02612736520920268,
    0.025812628339435453,
    0.025515808240601283,
    0.025187682335453487,
    0.02487895847359663,
    0.0245384400406578,
    0.02421875,
    0.023866873182559284,
    0.023537187851246883,
    0.023175021287633834,
    0.022836341909182385,
    0.022464985487347502,
    0.02211834061989811,
    0.02173892213708927,
    0.02138536452971133,
    0.020999036267390626,
    0.02063963966291749,
    0.02024757488732027,
    0.01988343076142757,
    0.019486820160391476,
    0.019119034406821365,
    0.01871908247370649,
    0.018348772045704675
  ],