{
  "steps": [
    0,
    25,
    50,
    75,
    100,
    125,
    150,
    175,
    200,
    225,
    250,
    275,
    300,
    325,
    350,
    375,
    400,
    425,
    450,
    475,
    500,
    525,
    550,
    575,
    600,
    625,
    650,
    675,
    700,
    725,
    750,
    775,
    800,
    825,
    850,
    875,
    900,
    925,
    950,
    975,
    1000,
    1025,
    1050,
    1075,
    1100,
    1125,
    1150,
    1175,
    1200,
    1225,
    1250,
    1275,
    1300,
    1325,
    1350,
    1375,
    1400,
    1425,
    1450,
    1475,
    1499
  ],
  "train_loss": [
    10.798446655273438,
    10.76198673248291,
    10.591622352600098,
    10.242914199829102,
    9.8531494140625,
    9.342098236083984,
    8.758543014526367,
    8.101423263549805,
    7.710025310516357,
    7.446686744689941,
    7.099491596221924,
    6.917606353759766,
    6.736820220947266,
    6.70102071762085,
    6.5613789558410645,
    6.41619348526001,
    6.262287616729736,
    6.307961940765381,
    6.123316764831543,
    6.163195610046387,
    6.078112602233887,
    5.915464878082275,
    5.9006805419921875,
    5.7736687660217285,
    5.888210296630859,
    5.653995990753174,
    5.698911190032959,
    5.75815486907959,
    5.706080436706543,
    5.560855865478516,
    5.618686199188232,
    5.398191452026367,
    5.505256175994873,
    5.407978534698486,
    5.431291580200195,
    5.410949230194092,
    5.344055652618408,
    5.308783531188965,
    5.291452884674072,
    5.376204013824463,
    5.185522079467773,
    5.267457008361816,
    5.14326286315918,
    5.250569820404053,
    5.071592807769775,
    5.155888557434082,
    5.082148551940918,
    5.1433234214782715,
    4.9056596755981445,
    5.034989356994629,
    4.9888224601745605,
    5.038486480712891,
    4.935181140899658,
    4.871316909790039,
    4.9412713050842285,
    4.795322418212891,
    4.94620943069458,
    4.753028869628906,
    4.859575271606445,
    4.721033573150635,
    4.729384899139404
  ],
  "val_loss": [
    10.786028060913086,
    10.735012626647949,
    10.561691360473633,
    10.190551719665528,
    9.828357429504395,
    9.274540672302246,
    8.666280288696289,
    8.06874361038208,
    7.697964363098144,
    7.357177257537842,
    7.10130838394165,
    6.873702068328857,
    6.707978115081787,
    6.554344997406006,
    6.441934547424316,
    6.323606033325195,
    6.230341167449951,
    6.138056697845459,
    6.059404125213623,
    5.978365058898926,
    5.908712787628174,
    5.8393264007568355,
    5.778369674682617,
    5.717347717285156,
    5.658321704864502,
    5.600338497161865,
    5.552576656341553,
    5.4976960563659665,
    5.448975620269775,
    5.400054092407227,
    5.356422119140625,
    5.311543102264404,
    5.273890380859375,
    5.227051582336426,
    5.188673210144043,
    5.144456043243408,
    5.108102760314941,
    5.070402889251709,
    5.034241256713867,
    4.998825492858887,
    4.965472850799561,
    4.93217098236084,
    4.900912475585938,
    4.868823890686035,
    4.839780979156494,
    4.809065589904785,
    4.7817255401611325,
    4.75284782409668,
    4.724469585418701,
    4.700626945495605,
    4.672982559204102,
    4.648152866363525,
    4.625134468078613,
    4.598089675903321,
    4.575587673187256,
    4.547281112670898,
    4.528576183319092,
    4.5075641632080075,
    4.484416065216064,
    4.463840179443359,
    4.4473794746398925
  ],
  "val_accuracy": [
    0.016357421875,
    0.016357421875,
    0.0257666015625,
    0.08685546875,
    0.0701904296875,
    0.0812744140625,
    0.0830224609375,
    0.0970654296875,
    0.1125,
    0.1273779296875,
    0.1427197265625,
    0.1580615234375,
    0.168046875,
    0.1770068359375,
    0.1832568359375,
    0.1899560546875,
    0.196611328125,
    0.2019287109375,
    0.206982421875,
    0.213525390625,
    0.2190966796875,
    0.2233740234375,
    0.228369140625,
    0.2342529296875,
    0.2385009765625,
    0.2419189453125,
    0.2461328125,
    0.2516552734375,
    0.2556298828125,
    0.258779296875,
    0.263759765625,
    0.2684033203125,
    0.2717919921875,
    0.2756005859375,
    0.27876953125,
    0.2830615234375,
    0.2871044921875,
    0.2905029296875,
    0.2939453125,
    0.297744140625,
    0.3010595703125,
    0.304267578125,
    0.3068994140625,
    0.3102392578125,
    0.3137109375,
    0.316103515625,
    0.3184716796875,
    0.322373046875,
    0.3250634765625,
    0.3268212890625,
    0.329755859375,
    0.3331494140625,
    0.334541015625,
    0.33759765625,
    0.3395849609375,
    0.342841796875,
    0.344609375,
    0.346806640625,
    0.34951171875,
    0.3510498046875,
    0.353486328125
  ],
  "val_perplexity": [
    48340.64808207659,
    45936.37779240593,
    38626.40390033039,
    26650.194281114636,
    18552.45546774757,
    10663.059588039498,
    5803.87042535999,
    3193.0875458118294,
    2203.8571696153144,
    1567.4059293585774,
    1213.5538305673758,
    966.5200741046413,
    818.9132161745889,
    702.2889980236538,
    627.6197863843662,
    557.5800237127025,
    507.9287426928152,
    463.15265021923506,
    428.1202547731954,
    394.79437466895064,
    368.2318576110318,
    343.5478491362913,
    323.23178764823143,
    304.0973003952014,
    286.66712656208557,
    270.5179614920813,
    257.90122333975347,
    244.12882477762392,
    232.51985524160915,
    221.41839293413716,
    211.9652018835756,
    202.66271652234266,
    195.17378774315299,
    186.24287143196952,
    179.23059377214685,
    171.4781825811885,
    165.35633648009753,
    159.2384698892353,
    153.58301830844448,
    148.2389491128404,
    143.3763298594774,
    138.6802581591646,
    134.41237175296752,
    130.1677353490719,
    126.44165533917536,
    122.6169894180219,
    119.31004680215135,
    115.91391738327735,
    112.67072032894934,
    110.01612494911703,
    107.01644981175409,
    104.39198143947775,
    102.01649012184062,
    99.29444976693983,
    97.0850766720196,
    94.37546292010917,
    92.62658387351746,
    90.70061731418407,
    88.62518437243112,
    86.82027518266948,
    85.40285017395482
  ],
  "learning_rates": [
    0.0,
    0.005416666666666667,
    0.010416666666666666,
    0.015833333333333335,
    0.020833333333333332,
    0.02625,
    0.03125,
    0.031244224899673472,
    0.03122864632484351,
    0.031200680833196156,
    0.031164650149783663,
    0.031114579197094483,
    0.031058205829100783,
    0.030986181479207432,
    0.030909636630698314,
    0.030815877619184216,
    0.03071939375434883,
    0.030604184824250417,
    0.030488054961415174,
    0.03035174599846662,
    0.030216322820208148,
    0.030059327790249914,
    0.029905022572309686,
    0.029727818264087852,
    0.02955509962634125,
    0.029358224203515786,
    0.029167616686788973,
    0.028951668053548364,
    0.028743750526605008,
    0.0285093845118509,
    0.028284788413386785,
    0.028032716779003163,
    0.027792124199987604,
    0.027523112479243345,
    0.027267254091431346,
    0.026982119264080843,
    0.026711772100986984,
    0.026411380112129478,
    0.02612736520920268,
    0.025812628339435453,
    0.025515808240601283,
    0.025187682335453487,
    0.02487895847359663,
    0.0245384400406578,
    0.02421875,
    0.023866873182559284,
    0.023537187851246883,
    0.023175021287633834,
    0.022836341909182385,
    0.022464985487347502,
    0.02211834061989811,
    0.02173892213708927,
    0.02138536452971133,
    0.020999036267390626,
    0.02063963966291749,
    0.02024757488732027,
    0.01988343076142757,
    0.019486820160391476,
    0.019119034406821365,
    0.01871908247370649,
    0.018348772045704675
  ],