{
  "steps": [
    0,
    25,
    50,
    75,
    100,
    125,
    150,
    175,
    200,
    225,
    250,
    275,
    300,
    325,
    350,
    375,
    400,
    425,
    450,
    475,
    500,
    525,
    550,
    575,
    600,
    625,
    650,
    675,
    700,
    725,
    750,
    775,
    800,
    825,
    850,
    875,
    900,
    925,
    950,
    975,
    1000,
    1025,
    1050,
    1075,
    1100,
    1125,
    1150,
    1175,
    1200,
    1225,
    1250,
    1275,
    1300,
    1325,
    1350,
    1375,
    1400,
    1425,
    1450,
    1475,
    1499
  ],
  "train_loss": [
    10.798446655273438,
    10.688884735107422,
    10.39107608795166,
    10.14021110534668,
    9.741535186767578,
    9.243022918701172,
    8.67068862915039,
    8.01832103729248,
    7.615029335021973,
    7.397737503051758,
    7.1078033447265625,
    6.988277912139893,
    6.826653003692627,
    6.820401191711426,
    6.67087459564209,
    6.5660176277160645,
    6.4052629470825195,
    6.47266960144043,
    6.2898945808410645,
    6.324884414672852,
    6.256453514099121,
    6.119104862213135,
    6.081178665161133,
    5.965431213378906,
    6.088968753814697,
    5.849743843078613,
    5.899866104125977,
    5.972343921661377,
    5.938551902770996,
    5.806114196777344,
    5.858931064605713,
    5.653786659240723,
    5.7237443923950195,
    5.6547746658325195,
    5.689754009246826,
    5.665449142456055,
    5.566709518432617,
    5.553049087524414,
    5.540352821350098,
    5.6479339599609375,
    5.443972110748291,
    5.54849100112915,
    5.398948669433594,
    5.497135162353516,
    5.325177192687988,
    5.422580242156982,
    5.358702659606934,
    5.399659156799316,
    5.178489685058594,
    5.308154106140137,
    5.257526874542236,
    5.302573204040527,
    5.210646629333496,
    5.130627155303955,
    5.218953609466553,
    5.048874855041504,
    5.186222076416016,
    5.020524501800537,
    5.119014263153076,
    4.99790620803833,
    4.9980082511901855
  ],
  "val_loss": [
    10.786028060913086,
    10.636879081726073,
    10.379238815307618,
    10.0832027053833,
    9.705842781066895,
    9.168140373229981,
    8.573437995910645,
    7.9729657554626465,
    7.595945129394531,
    7.2974464797973635,
    7.098517665863037,
    6.940054702758789,
    6.80744779586792,
    6.685371723175049,
    6.574312744140625,
    6.473976154327392,
    6.403572483062744,
    6.317025051116944,
    6.248859367370605,
    6.185556812286377,
    6.121449642181396,
    6.062489948272705,
    6.0087464332580565,
    5.954249534606934,
    5.898696250915528,
    5.854254283905029,
    5.80936092376709,
    5.764238929748535,
    5.725232429504395,
    5.680924644470215,
    5.645870952606201,
    5.606044216156006,
    5.56755428314209,
    5.534256362915039,
    5.499467735290527,
    5.459978485107422,
    5.429162368774414,
    5.402328109741211,
    5.368440589904785,
    5.336955490112305,
    5.30515609741211,
    5.277819347381592,
    5.241320705413818,
    5.217464618682861,
    5.185349311828613,
    5.1548861885070805,
    5.129135665893554,
    5.105361366271973,
    5.073799457550049,
    5.047163486480713,
    5.026468925476074,
    5.002153396606445,
    4.978029518127442,
    4.948611564636231,
    4.924808673858642,
    4.897101783752442,
    4.875955181121826,
    4.855303974151611,
    4.831406497955323,
    4.8150287437438966,
    4.791144199371338
  ],
  "val_accuracy": [
    0.016357421875,
    0.0167431640625,
    0.087578125,
    0.0990087890625,
    0.110205078125,
    0.110419921875,
    0.10134765625,
    0.104814453125,
    0.1261572265625,
    0.139345703125,
    0.1482861328125,
    0.1510693359375,
    0.1598291015625,
    0.16482421875,
    0.17083984375,
    0.176259765625,
    0.179267578125,
    0.1854541015625,
    0.1886962890625,
    0.191748046875,
    0.195048828125,
    0.1977001953125,
    0.1991259765625,
    0.202705078125,
    0.2072900390625,
    0.2083203125,
    0.21107421875,
    0.2132421875,
    0.21626953125,
    0.2177099609375,
    0.219814453125,
    0.2227197265625,
    0.224443359375,
    0.2262255859375,
    0.2288720703125,
    0.2326513671875,
    0.233681640625,
    0.2344482421875,
    0.2381298828125,
    0.23955078125,
    0.2415869140625,
    0.243388671875,
    0.24736328125,
    0.2489404296875,
    0.2514794921875,
    0.254521484375,
    0.25583984375,
    0.2586669921875,
    0.2610400390625,
    0.26431640625,
    0.265419921875,
    0.267451171875,
    0.270126953125,
    0.274169921875,
    0.2756982421875,
    0.2780810546875,
    0.2789599609375,
    0.2815576171875,
    0.285419921875,
    0.2865234375,
    0.2897607421875
  ],
  "val_perplexity": [
    48340.64808207659,
    41642.605038125526,
    32184.453851604576,
    23937.527754596984,
    16413.226473634168,
    9586.780269944764,
    5289.28310047982,
    2901.449606698121,
    1990.1098742683694,
    1476.5247738304993,
    1210.1718652039067,
    1032.826711885607,
    904.5592385787362,
    800.6082275015057,
    716.4530685461685,
    648.0553791341367,
    603.9989642181573,
    553.9226472615164,
    517.4222991884208,
    485.68332277369814,
    455.5245637190693,
    429.4433985713079,
    406.972832767639,
    385.38758208278,
    364.5618607043698,
    348.714760861321,
    333.4059857340944,
    318.69640136357265,
    306.50449765327096,
    293.22042926269376,
    283.12003300301535,
    272.06587273713745,
    261.79304397904707,
    253.2194142579804,
    244.56172603914675,
    235.09236632381985,
    227.9582205073296,
    221.92247512632974,
    214.528069491053,
    207.87885665733688,
    201.3724336762301,
    195.94212742326005,
    188.9194446489208,
    184.46589928658733,
    178.63583850403708,
    173.27608482671377,
    168.87109390110265,
    164.90365038329222,
    159.78025381011688,
    155.580531726999,
    152.39394713106972,
    148.7330958474583,
    145.18800926010553,
    140.9790876213472,
    137.66300059236215,
    133.90114231317924,
    131.09931701694882,
    128.4197215582226,
    125.3871935214409,
    123.35035781031725,
    120.43909619246125
  ],
  "learning_rates": [
    0.0,
    0.021666666666666667,
    0.041666666666666664,
    0.06333333333333334,
    0.08333333333333333,
    0.105,
    0.125,
    0.12497689959869389,
    0.12491458529937403,
    0.12480272333278462,
    0.12465860059913465,
    0.12445831678837793,
    0.12423282331640313,
    0.12394472591682973,
    0.12363854652279326,
    0.12326351047673687,
    0.12287757501739532,
    0.12241673929700167,
    0.1219522198456607,
    0.12140698399386649,
    0.12086529128083259,
    0.12023731116099966,
    0.11962009028923874,
    0.11891127305635141,
    0.118220398505365,
    0.11743289681406315,
    0.1166704667471559,
    0.11580667221419345,
    0.11497500210642003,
    0.1140375380474036,
    0.11313915365354714,
    0.11213086711601265,
    0.11116849679995042,
    0.11009244991697338,
    0.10906901636572539,
    0.10792847705632337,
    0.10684708840394794,
    0.10564552044851791,
    0.10450946083681072,
    0.10325051335774181,
    0.10206323296240513,
    0.10075072934181395,
    0.09951583389438652,
    0.0981537601626312,
    0.096875,
    0.09546749273023714,
    0.09414875140498753,
    0.09270008515053534,
    0.09134536763672954,
    0.08985994194939001,
    0.08847336247959244,
    0.08695568854835709,
    0.08554145811884532,
    0.0839961450695625,
    0.08255855865166996,
    0.08099029954928108,
    0.07953372304571028,
    0.0779472806415659,
    0.07647613762728546,
    0.07487632989482595,
    0.0733950881828187
  ],