{
  "steps": [
    0,
    25,
    50,
    75,
    100,
    125,
    150,
    175,
    200,
    225,
    250,
    275,
    300,
    325,
    350,
    375,
    400,
    425,
    450,
    475,
    500,
    525,
    550,
    575,
    600,
    625,
    650,
    675,
    700,
    725,
    750,
    775,
    800,
    825,
    850,
    875,
    900,
    925,
    950,
    975,
    1000,
    1025,
    1050,
    1075,
    1100,
    1125,
    1150,
    1175,
    1200,
    1225,
    1250,
    1275,
    1300,
    1325,
    1350,
    1375,
    1400,
    1425,
    1450,
    1475,
    1499
  ],
  "train_loss": [
    10.798446655273438,
    10.689120292663574,
    10.391468048095703,
    10.140466690063477,
    9.74087142944336,
    9.241564750671387,
    8.667999267578125,
    8.024758338928223,
    7.620406150817871,
    7.410069465637207,
    7.1103010177612305,
    6.966226577758789,
    6.820052146911621,
    6.799004554748535,
    6.676169395446777,
    6.5552520751953125,
    6.399521350860596,
    6.475778102874756,
    6.282461643218994,
    6.317568302154541,
    6.265090465545654,
    6.115110874176025,
    6.0739850997924805,
    5.9576497077941895,
    6.081689357757568,
    5.850091457366943,
    5.89741849899292,
    5.972385883331299,
    5.928833961486816,
    5.796206474304199,
    5.855353355407715,
    5.644239902496338,
    5.722533226013184,
    5.639594554901123,
    5.675601959228516,
    5.660238265991211,
    5.566053867340088,
    5.551100730895996,
    5.540622711181641,
    5.626047611236572,
    5.410315036773682,
    5.548800468444824,
    5.383390426635742,
    5.490302085876465,
    5.331131935119629,
    5.416587829589844,
    5.360502243041992,
    5.404741287231445,
    5.170853614807129,
    5.30734395980835,
    5.239619731903076,
    5.299800872802734,
    5.187347412109375,
    5.1392083168029785,
    5.225943565368652,
    5.061807155609131,
    5.1928253173828125,
    5.019983768463135,
    5.121481895446777,
    4.988865375518799,
    5.0034356117248535
  ],
  "val_loss": [
    10.786028060913086,
    10.637037086486817,
    10.379653930664062,
    10.083809776306152,
    9.704917373657226,
    9.167136878967286,
    8.573651008605957,
    7.974128456115722,
    7.605190544128418,
    7.3042645835876465,
    7.104260387420655,
    6.917282543182373,
    6.7993536376953125,
    6.668463611602784,
    6.580935668945313,
    6.473091144561767,
    6.391898212432861,
    6.3140768051147464,
    6.247405490875244,
    6.173694019317627,
    6.110662784576416,
    6.053866004943847,
    6.001660423278809,
    5.9480061340332036,
    5.896297588348388,
    5.84492712020874,
    5.80658727645874,
    5.759256229400635,
    5.714431972503662,
    5.679632568359375,
    5.63504316329956,
    5.59708044052124,
    5.562746067047119,
    5.528224811553955,
    5.490243186950684,
    5.45339864730835,
    5.421286964416504,
    5.387573032379151,
    5.35394847869873,
    5.3248859214782716,
    5.292880058288574,
    5.268574752807617,
    5.23955005645752,
    5.203735179901123,
    5.175123233795166,
    5.146514987945556,
    5.121864223480225,
    5.093959770202637,
    5.063114128112793,
    5.042389640808105,
    5.018113250732422,
    4.996680126190186,
    4.972103748321533,
    4.941611881256104,
    4.918570919036865,
    4.889680881500244,
    4.8699509811401365,
    4.848687515258789,
    4.826072788238525,
    4.804808883666992,
    4.784875183105469
  ],
  "val_accuracy": [
    0.016357421875,
    0.0166064453125,
    0.087392578125,
    0.0984765625,
    0.1098974609375,
    0.1081640625,
    0.101962890625,
    0.115625,
    0.1225634765625,
    0.1406982421875,
    0.1459912109375,
    0.1576416015625,
    0.159892578125,
    0.1672314453125,
    0.171201171875,
    0.1760595703125,
    0.18095703125,
    0.1850634765625,
    0.188212890625,
    0.1930224609375,
    0.1962841796875,
    0.198740234375,
    0.2000537109375,
    0.20404296875,
    0.207861328125,
    0.20853515625,
    0.2106982421875,
    0.2130322265625,
    0.21474609375,
    0.217109375,
    0.2203955078125,
    0.2224560546875,
    0.2247216796875,
    0.2262109375,
    0.2293310546875,
    0.2317529296875,
    0.2349609375,
    0.235615234375,
    0.2388232421875,
    0.2408984375,
    0.244658203125,
    0.2439501953125,
    0.247314453125,
    0.2508935546875,
    0.254296875,
    0.2549169921875,
    0.2588916015625,
    0.26140625,
    0.2632080078125,
    0.265380859375,
    0.2677734375,
    0.269404296875,
    0.2723193359375,
    0.2754296875,
    0.278095703125,
    0.2811474609375,
    0.2826953125,
    0.2850048828125,
    0.28716796875,
    0.290263671875,
    0.2924609375
  ],
  "val_perplexity": [
    48340.64808207659,
    41649.185287813016,
    32197.81688604567,
    23952.063943464134,
    16398.04457804168,
    9577.164816279343,
    5290.409904936887,
    2904.825086006426,
    2008.5945831529182,
    1486.6262703814227,
    1217.1415385550297,
    1009.5727930554166,
    897.2671445185458,
    787.1852526268633,
    721.2138310293903,
    647.4820975122723,
    596.9887162336719,
    552.2919520576967,
    516.6705776570008,
    479.9558014345658,
    450.637291657213,
    425.75582659936646,
    404.0992124884166,
    382.98894863797466,
    363.68844774594714,
    345.4773625454959,
    332.48251640032095,
    317.1123823169932,
    303.21192167495803,
    292.8418108054392,
    280.0710058382313,
    269.63803285826316,
    260.5373077961717,
    251.69670512073887,
    242.31612781348443,
    233.5505746178393,
    226.17000803464055,
    218.67203108569342,
    211.4415241501595,
    205.3849291192027,
    198.91548942914994,
    194.13906900843173,
    188.58523060662029,
    181.95059240158994,
    176.81840293670413,
    171.83161039605574,
    167.64761109974336,
    163.03416339120312,
    158.08203831456132,
    154.83958427043427,
    151.12589795680967,
    147.92126311073883,
    144.33020263109995,
    139.99572427584545,
    136.80696519177403,
    132.91115287524534,
    130.31452887026435,
    127.57284250923279,
    124.72019499850101,
    122.09615422196214,
    119.686423263838
  ],
  "learning_rates": [
    0.0,
    0.021666666666666667,
    0.041666666666666664,
    0.06333333333333334,
    0.08333333333333333,
    0.105,
    0.125,
    0.12497689959869389,
    0.12491458529937403,
    0.12480272333278462,
    0.12465860059913465,
    0.12445831678837793,
    0.12423282331640313,
    0.12394472591682973,
    0.12363854652279326,
    0.12326351047673687,
    0.12287757501739532,
    0.12241673929700167,
    0.1219522198456607,
    0.12140698399386649,
    0.12086529128083259,
    0.12023731116099966,
    0.11962009028923874,
    0.11891127305635141,
    0.118220398505365,
    0.11743289681406315,
    0.1166704667471559,
    0.11580667221419345,
    0.11497500210642003,
    0.1140375380474036,
    0.11313915365354714,
    0.11213086711601265,
    0.11116849679995042,
    0.11009244991697338,
    0.10906901636572539,
    0.10792847705632337,
    0.10684708840394794,
    0.10564552044851791,
    0.10450946083681072,
    0.10325051335774181,
    0.10206323296240513,
    0.10075072934181395,
    0.09951583389438652,
    0.0981537601626312,
    0.096875,
    0.09546749273023714,
    0.09414875140498753,
    0.09270008515053534,
    0.09134536763672954,
    0.08985994194939001,
    0.08847336247959244,
    0.08695568854835709,
    0.08554145811884532,
    0.0839961450695625,
    0.08255855865166996,
    0.08099029954928108,
    0.07953372304571028,
    0.0779472806415659,
    0.07647613762728546,
    0.07487632989482595,
    0.0733950881828187
  ],