{
  "steps": [
    0,
    25,
    50,
    75,
    100,
    125,
    150,
    175,
    200,
    225,
    250,
    275,
    300,
    325,
    350,
    375,
    400,
    425,
    450,
    475,
    500,
    525,
    550,
    575,
    600,
    625,
    650,
    675,
    700,
    725,
    750,
    775,
    800,
    825,
    850,
    875,
    900,
    925,
    950,
    975,
    1000,
    1025,
    1050,
    1075,
    1100,
    1125,
    1150,
    1175,
    1200,
    1225,
    1250,
    1275,
    1300,
    1325,
    1350,
    1375,
    1400,
    1425,
    1450,
    1475,
    1499
  ],
  "train_loss": [
    10.798446655273438,
    10.762131690979004,
    10.591951370239258,
    10.243217468261719,
    9.853530883789062,
    9.342012405395508,
    8.760089874267578,
    8.101265907287598,
    7.713207721710205,
    7.448833465576172,
    7.100200653076172,
    6.914798259735107,
    6.734624862670898,
    6.699037075042725,
    6.559578895568848,
    6.414138317108154,
    6.259786605834961,
    6.3051676750183105,
    6.122491359710693,
    6.160960674285889,
    6.074912071228027,
    5.914860248565674,
    5.894952774047852,
    5.767601013183594,
    5.882693290710449,
    5.646795272827148,
    5.704544544219971,
    5.753890037536621,
    5.708329200744629,
    5.558473110198975,
    5.614105701446533,
    5.393042087554932,
    5.504848480224609,
    5.401271820068359,
    5.430426120758057,
    5.404904842376709,
    5.33546257019043,
    5.314605236053467,
    5.285407066345215,
    5.3818511962890625,
    5.181275367736816,
    5.271677017211914,
    5.142219543457031,
    5.2486772537231445,
    5.058570861816406,
    5.141584396362305,
    5.075165271759033,
    5.1420488357543945,
    4.900862216949463,
    5.016674995422363,
    4.991986274719238,
    5.032649040222168,
    4.930352210998535,
    4.866551399230957,
    4.952424049377441,
    4.785250186920166,
    4.941613674163818,
    4.7427144050598145,
    4.849761962890625,
    4.722353458404541,
    4.733745574951172
  ],
  "val_loss": [
    10.786028060913086,
    10.735205917358398,
    10.562090377807618,
    10.190784721374511,
    9.828680877685548,
    9.275205192565918,
    8.667493019104004,
    8.06888069152832,
    7.697541160583496,
    7.358855113983155,
    7.1015988540649415,
    6.873008441925049,
    6.703654441833496,
    6.551592769622803,
    6.435780200958252,
    6.320736026763916,
    6.227735462188721,
    6.135421848297119,
    6.057133293151855,
    5.9736178016662596,
    5.903620433807373,
    5.837472953796387,
    5.775102386474609,
    5.7125578880310055,
    5.653049755096435,
    5.5917316436767575,
    5.548738975524902,
    5.492755260467529,
    5.443403930664062,
    5.393778686523437,
    5.350363483428955,
    5.305675182342529,
    5.269980258941651,
    5.221371097564697,
    5.184594783782959,
    5.14109848022461,
    5.105672569274902,
    5.06777359008789,
    5.03118330001831,
    4.997921047210693,
    4.964157390594482,
    4.930847206115723,
    4.897886199951172,
    4.867527866363526,
    4.8366365814208985,
    4.8061141014099125,
    4.780101852416992,
    4.75022180557251,
    4.725111503601074,
    4.696977863311767,
    4.672204189300537,
    4.649276237487793,
    4.625128059387207,
    4.597550411224365,
    4.572761764526367,
    4.5442225456237795,
    4.525993194580078,
    4.506675109863282,
    4.482816314697265,
    4.460416736602784,
    4.443010635375977
  ],
  "val_accuracy": [
    0.016357421875,
    0.016357421875,
    0.025732421875,
    0.0868115234375,
    0.070107421875,
    0.0820849609375,
    0.080185546875,
    0.0929931640625,
    0.109013671875,
    0.127275390625,
    0.1446240234375,
    0.158056640625,
    0.1691015625,
    0.1774072265625,
    0.18326171875,
    0.189951171875,
    0.1964013671875,
    0.2019775390625,
    0.2074853515625,
    0.213837890625,
    0.219580078125,
    0.2229150390625,
    0.22826171875,
    0.233564453125,
    0.2387939453125,
    0.243544921875,
    0.2476904296875,
    0.2521826171875,
    0.256376953125,
    0.2608740234375,
    0.26423828125,
    0.269326171875,
    0.27279296875,
    0.276875,
    0.2798291015625,
    0.2842822265625,
    0.2867529296875,
    0.290068359375,
    0.2945751953125,
    0.2975537109375,
    0.300615234375,
    0.3042529296875,
    0.3068115234375,
    0.310107421875,
    0.3136767578125,
    0.3164453125,
    0.318505859375,
    0.32203125,
    0.32486328125,
    0.328515625,
    0.329619140625,
    0.33162109375,
    0.333896484375,
    0.3378271484375,
    0.3391943359375,
    0.3430908203125,
    0.3449853515625,
    0.346552734375,
    0.3495166015625,
    0.35240234375,
    0.3538427734375
  ],
  "val_perplexity": [
    48340.64808207659,
    45945.257725681535,
    38641.81958039336,
    26656.404545399862,
    18558.457196296295,
    10670.147762065297,
    5810.913225152834,
    3193.5252879150644,
    2202.9246890471854,
    1570.038019016383,
    1213.9063828986418,
    965.8499027125874,
    815.3801464326829,
    700.358796127499,
    623.7690582816125,
    555.9820595668612,
    506.60695294078585,
    461.9339189598262,
    427.1491685764974,
    392.9246258192199,
    366.3614571164824,
    342.9116911442036,
    322.1774196400383,
    302.64420905748307,
    285.15980861407695,
    268.1996440530221,
    256.913377493278,
    242.92560895107002,
    231.22792922858795,
    220.03325335053194,
    210.68486440744084,
    201.47699020646527,
    194.41212450641675,
    185.1879207892403,
    178.5011035909544,
    170.90339925241938,
    164.95497688055124,
    158.82033425623126,
    153.1140854429021,
    148.10493565350296,
    143.1878480005691,
    138.49679798464828,
    134.00621774428546,
    129.9991440708504,
    126.04469690910469,
    122.25562033515632,
    119.11648172855037,
    115.60992460904176,
    112.7430689314069,
    109.61539865388846,
    106.93318383810214,
    104.50931827109663,
    102.01583633173207,
    99.24091821249971,
    96.81111039716264,
    94.0872502227762,
    92.3876391790163,
    90.62001546197443,
    88.48351953216594,
    86.5235591182135,
    85.03055269494904
  ],
  "learning_rates": [
    0.0,
    0.005416666666666667,
    0.010416666666666666,
    0.015833333333333335,
    0.020833333333333332,
    0.02625,
    0.03125,
    0.031244224899673472,
    0.03122864632484351,
    0.031200680833196156,
    0.031164650149783663,
    0.031114579197094483,
    0.031058205829100783,
    0.030986181479207432,
    0.030909636630698314,
    0.030815877619184216,
    0.03071939375434883,
    0.030604184824250417,
    0.030488054961415174,
    0.03035174599846662,
    0.030216322820208148,
    0.030059327790249914,
    0.029905022572309686,
    0.029727818264087852,
    0.02955509962634125,
    0.029358224203515786,
    0.029167616686788973,
    0.028951668053548364,
    0.028743750526605008,
    0.0285093845118509,
    0.028284788413386785,
    0.028032716779003163,
    0.027792124199987604,
    0.027523112479243345,
    0.027267254091431346,
    0.026982119264080843,
    0.026711772100986984,
    0.026411380112129478,
    0.02612736520920268,
    0.025812628339435453,
    0.025515808240601283,
    0.025187682335453487,
    0.02487895847359663,
    0.0245384400406578,
    0.02421875,
    0.023866873182559284,
    0.023537187851246883,
    0.023175021287633834,
    0.022836341909182385,
    0.022464985487347502,
    0.02211834061989811,
    0.02173892213708927,
    0.02138536452971133,
    0.020999036267390626,
    0.02063963966291749,
    0.02024757488732027,
    0.01988343076142757,
    0.019486820160391476,
    0.019119034406821365,
    0.01871908247370649,
    0.018348772045704675
  ],