{
  "steps": [
    0,
    25,
    50,
    75,
    100,
    125,
    150,
    175,
    200,
    225,
    250,
    275,
    300,
    325,
    350,
    375,
    400,
    425,
    450,
    475,
    500,
    525,
    550,
    575,
    600,
    625,
    650,
    675,
    700,
    725,
    750,
    775,
    800,
    825,
    850,
    875,
    900,
    925,
    950,
    975,
    1000,
    1025,
    1050,
    1075,
    1100,
    1125,
    1150,
    1175,
    1200,
    1225,
    1250,
    1275,
    1300,
    1325,
    1350,
    1375,
    1400,
    1425,
    1450,
    1475,
    1499
  ],
  "train_loss": [
    10.798446655273438,
    10.690305709838867,
    10.391538619995117,
    10.139504432678223,
    9.739797592163086,
    9.241375923156738,
    8.66520881652832,
    8.013731956481934,
    7.605591773986816,
    7.3988118171691895,
    7.1124420166015625,
    6.984133243560791,
    6.8380584716796875,
    6.814855575561523,
    6.690829753875732,
    6.581874847412109,
    6.414765357971191,
    6.502315044403076,
    6.312506198883057,
    6.340949058532715,
    6.280326843261719,
    6.135440349578857,
    6.094858646392822,
    5.9866623878479,
    6.097431182861328,
    5.8745341300964355,
    5.91588830947876,
    5.9871087074279785,
    5.954862594604492,
    5.807187557220459,
    5.860428333282471,
    5.656925678253174,
    5.725090980529785,
    5.655060768127441,
    5.6855034828186035,
    5.670741558074951,
    5.566497325897217,
    5.560054302215576,
    5.5444440841674805,
    5.633091449737549,
    5.42197322845459,
    5.549923896789551,
    5.3791704177856445,
    5.498447418212891,
    5.331275463104248,
    5.41495943069458,
    5.3441548347473145,
    5.403147220611572,
    5.175560474395752,
    5.312987804412842,
    5.238133430480957,
    5.300698280334473,
    5.196786880493164,
    5.129390716552734,
    5.2157979011535645,
    5.05267333984375,
    5.1986541748046875,
    5.016646862030029,
    5.103595733642578,
    4.985709190368652,
    4.984105587005615
  ],
  "val_loss": [
    10.786028060913086,
    10.63855739593506,
    10.379844284057617,
    10.08198486328125,
    9.703263969421387,
    9.167377014160156,
    8.570146408081055,
    7.9686565017700195,
    7.590052394866944,
    7.303901042938232,
    7.105273914337158,
    6.936982746124268,
    6.808224544525147,
    6.685529270172119,
    6.5851532745361325,
    6.495319480895996,
    6.4094599342346195,
    6.33279727935791,
    6.278332118988037,
    6.20739107131958,
    6.139424533843994,
    6.0832199859619145,
    6.0319814872741695,
    5.972449913024902,
    5.928480606079102,
    5.8729536247253415,
    5.826096668243408,
    5.778793525695801,
    5.740952205657959,
    5.6972628021240235,
    5.65150577545166,
    5.617822933197021,
    5.581440906524659,
    5.546534824371338,
    5.512948532104492,
    5.468873252868653,
    5.43930757522583,
    5.405170841217041,
    5.370326290130615,
    5.338369235992432,
    5.307045040130615,
    5.284271450042724,
    5.251163101196289,
    5.217143001556397,
    5.19178430557251,
    5.161611328125,
    5.138295345306396,
    5.1095967292785645,
    5.077730312347412,
    5.052374076843262,
    5.029641456604004,
    5.003747425079346,
    4.9844286918640135,
    4.952492427825928,
    4.929689083099365,
    4.904137344360351,
    4.880288848876953,
    4.861403102874756,
    4.838033237457275,
    4.81577730178833,
    4.795897483825684
  ],
  "val_accuracy": [
    0.016357421875,
    0.0164404296875,
    0.0881884765625,
    0.10005859375,
    0.1114697265625,
    0.104892578125,
    0.1135400390625,
    0.11552734375,
    0.1312646484375,
    0.1408935546875,
    0.1489892578125,
    0.1509716796875,
    0.1594091796875,
    0.166103515625,
    0.1697607421875,
    0.1721484375,
    0.17798828125,
    0.1838525390625,
    0.1851611328125,
    0.189912109375,
    0.1933642578125,
    0.1962255859375,
    0.1994384765625,
    0.202109375,
    0.202998046875,
    0.2065380859375,
    0.2091015625,
    0.210908203125,
    0.2129150390625,
    0.2147900390625,
    0.2184375,
    0.2204833984375,
    0.2224267578125,
    0.2237744140625,
    0.224228515625,
    0.2288623046875,
    0.2303955078125,
    0.2313916015625,
    0.2340625,
    0.236572265625,
    0.2386474609375,
    0.23921875,
    0.242412109375,
    0.24490234375,
    0.246318359375,
    0.2481884765625,
    0.250126953125,
    0.253798828125,
    0.2557373046875,
    0.258427734375,
    0.2606591796875,
    0.2624658203125,
    0.2640087890625,
    0.2688134765625,
    0.2706494140625,
    0.2725927734375,
    0.2746142578125,
    0.2763330078125,
    0.2781884765625,
    0.2806396484375,
    0.284619140625
  ],
  "val_perplexity": [
    48340.64808207659,
    41712.55309485016,
    32203.946433126504,
    23908.39336961961,
    16370.954383369659,
    9579.464906754929,
    5271.901582688642,
    2888.97342508886,
    1978.41716993493,
    1486.0859195273533,
    1218.3757696231003,
    1029.6587813795782,
    905.2621267010471,
    800.7343708600712,
    724.2620500896664,
    662.0356992853826,
    607.5654671318725,
    562.7285031192166,
    532.89910989004,
    496.40447654998775,
    463.78660055822695,
    438.43869065104906,
    416.53958007095036,
    392.466001475026,
    375.5834209105334,
    355.29684555343044,
    339.03273571301156,
    323.36881880726577,
    311.3607493386586,
    298.05046032608857,
    284.71986739161207,
    275.28940694844704,
    265.45382449709257,
    256.34772519649954,
    247.8809355035091,
    237.19278584844056,
    230.28267481404248,
    222.55423867317901,
    214.93298677646146,
    208.17295237382191,
    201.7531741537967,
    197.21045342984473,
    190.78804526287794,
    184.4065814334582,
    179.78906553209237,
    174.44531791069997,
    170.42500478170754,
    165.60355833964775,
    160.40956283821626,
    156.39331384461462,
    152.87818940273507,
    148.97036969749686,
    146.120071589602,
    141.52727119772493,
    138.33649449870606,
    134.84653369490775,
    131.6686907470099,
    129.2053634005128,
    126.22086098757171,
    123.44272728058174,
    121.01294021759169
  ],
  "learning_rates": [
    0.0,
    0.021666666666666667,
    0.041666666666666664,
    0.06333333333333334,
    0.08333333333333333,
    0.105,
    0.125,
    0.12497689959869389,
    0.12491458529937403,
    0.12480272333278462,
    0.12465860059913465,
    0.12445831678837793,
    0.12423282331640313,
    0.12394472591682973,
    0.12363854652279326,
    0.12326351047673687,
    0.12287757501739532,
    0.12241673929700167,
    0.1219522198456607,
    0.12140698399386649,
    0.12086529128083259,
    0.12023731116099966,
    0.11962009028923874,
    0.11891127305635141,
    0.118220398505365,
    0.11743289681406315,
    0.1166704667471559,
    0.11580667221419345,
    0.11497500210642003,
    0.1140375380474036,
    0.11313915365354714,
    0.11213086711601265,
    0.11116849679995042,
    0.11009244991697338,
    0.10906901636572539,
    0.10792847705632337,
    0.10684708840394794,
    0.10564552044851791,
    0.10450946083681072,
    0.10325051335774181,
    0.10206323296240513,
    0.10075072934181395,
    0.09951583389438652,
    0.0981537601626312,
    0.096875,
    0.09546749273023714,
    0.09414875140498753,
    0.09270008515053534,
    0.09134536763672954,
    0.08985994194939001,
    0.08847336247959244,
    0.08695568854835709,
    0.08554145811884532,
    0.0839961450695625,
    0.08255855865166996,
    0.08099029954928108,
    0.07953372304571028,
    0.0779472806415659,
    0.07647613762728546,
    0.07487632989482595,
    0.0733950881828187
  ],