{
  "steps": [
    0,
    25,
    50,
    75,
    100,
    125,
    150,
    175,
    200,
    225,
    250,
    275,
    300,
    325,
    350,
    375,
    400,
    425,
    450,
    475,
    500,
    525,
    550,
    575,
    600,
    625,
    650,
    675,
    700,
    725,
    750,
    775,
    800,
    825,
    850,
    875,
    900,
    925,
    950,
    975,
    1000,
    1025,
    1050,
    1075,
    1100,
    1125,
    1150,
    1175,
    1200,
    1225,
    1250,
    1275,
    1300,
    1325,
    1350,
    1375,
    1400,
    1425,
    1450,
    1475,
    1499
  ],
  "train_loss": [
    10.798446655273438,
    10.73792839050293,
    10.454346656799316,
    10.20327091217041,
    9.798479080200195,
    9.290557861328125,
    8.710590362548828,
    8.056982040405273,
    7.675838947296143,
    7.432913780212402,
    7.108980655670166,
    6.9552178382873535,
    6.793126106262207,
    6.767374515533447,
    6.638112545013428,
    6.520596027374268,
    6.366037368774414,
    6.42796516418457,
    6.257230281829834,
    6.28277063369751,
    6.203895568847656,
    6.058348178863525,
    6.031200408935547,
    5.926604270935059,
    6.041904926300049,
    5.80842399597168,
    5.85556697845459,
    5.93002986907959,
    5.882876873016357,
    5.747044086456299,
    5.818693161010742,
    5.600586891174316,
    5.685505390167236,
    5.598081588745117,
    5.616858005523682,
    5.61504602432251,
    5.525599956512451,
    5.511384010314941,
    5.49949312210083,
    5.589811325073242,
    5.383091449737549,
    5.482417106628418,
    5.346940517425537,
    5.45668363571167,
    5.277035236358643,
    5.3643927574157715,
    5.3017964363098145,
    5.358184814453125,
    5.125863552093506,
    5.247975826263428,
    5.20933198928833,
    5.2461371421813965,
    5.142935276031494,
    5.092311382293701,
    5.165493011474609,
    5.014869689941406,
    5.155190944671631,
    4.98580265045166,
    5.0701751708984375,
    4.949252128601074,
    4.947668552398682
  ],
  "val_loss": [
    10.786028060913086,
    10.703357543945312,
    10.427970390319825,
    10.154249076843263,
    9.76659236907959,
    9.219363021850587,
    8.617120780944823,
    8.018517818450928,
    7.654818725585938,
    7.3394020652771,
    7.1071857070922855,
    6.906178379058838,
    6.763287410736084,
    6.623426513671875,
    6.52585241317749,
    6.426215438842774,
    6.341078224182129,
    6.26153528213501,
    6.1904451942443846,
    6.119387130737305,
    6.059681072235107,
    5.99943359375,
    5.945175704956054,
    5.892021408081055,
    5.842465419769287,
    5.789703521728516,
    5.749153137207031,
    5.698719444274903,
    5.654011898040771,
    5.61382661819458,
    5.570373401641846,
    5.529167041778565,
    5.498807582855225,
    5.456852684020996,
    5.422766399383545,
    5.380335083007813,
    5.35033353805542,
    5.312478179931641,
    5.278745384216308,
    5.243893947601318,
    5.212716236114502,
    5.186516914367676,
    5.154520893096924,
    5.122262096405029,
    5.094043235778809,
    5.063790454864502,
    5.038606739044189,
    5.010681400299072,
    4.9838182067871095,
    4.95602705001831,
    4.933601779937744,
    4.909583358764649,
    4.885858249664307,
    4.858078899383545,
    4.833751106262207,
    4.806709117889405,
    4.788408432006836,
    4.767699432373047,
    4.744490547180176,
    4.722574710845947,
    4.704907341003418
  ],
  "val_accuracy": [
    0.016357421875,
    0.016357421875,
    0.0824560546875,
    0.0800341796875,
    0.09171875,
    0.096044921875,
    0.097685546875,
    0.1015576171875,
    0.1147314453125,
    0.1309814453125,
    0.143544921875,
    0.1555224609375,
    0.1626220703125,
    0.17,
    0.174306640625,
    0.1794677734375,
    0.1846875,
    0.18859375,
    0.1917431640625,
    0.1967431640625,
    0.199814453125,
    0.202294921875,
    0.20716796875,
    0.2102001953125,
    0.2135791015625,
    0.2163671875,
    0.219619140625,
    0.2236572265625,
    0.2270751953125,
    0.22912109375,
    0.2321875,
    0.2359814453125,
    0.237021484375,
    0.240869140625,
    0.2432421875,
    0.24677734375,
    0.2489990234375,
    0.2525341796875,
    0.256181640625,
    0.2582275390625,
    0.2617041015625,
    0.2628466796875,
    0.2655908203125,
    0.26921875,
    0.2719873046875,
    0.2752099609375,
    0.27708984375,
    0.280029296875,
    0.2826953125,
    0.28548828125,
    0.28783203125,
    0.2904833984375,
    0.2925537109375,
    0.295947265625,
    0.29845703125,
    0.3017333984375,
    0.303291015625,
    0.305888671875,
    0.3082275390625,
    0.3097705078125,
    0.312158203125
  ],
  "val_perplexity": [
    48340.64808207659,
    44505.03215720086,
    33791.696659157,
    25700.072113271923,
    17441.2325565467,
    10090.634766760488,
    5525.454475128825,
    3036.673094886955,
    2110.792451907576,
    1539.791143762834,
    1220.7072795642655,
    998.4243427301194,
    865.4827214341788,
    752.5192018242412,
    682.5613500330079,
    617.831297526487,
    567.4077744587684,
    524.0228457525279,
    488.0633408452881,
    454.58600731770804,
    428.23883782244496,
    403.20035360366865,
    381.90645826032534,
    362.13657079979066,
    344.62794670292567,
    326.91608649044963,
    313.92469653889594,
    298.4849295459564,
    285.43430514321693,
    274.1914590954184,
    262.532110861523,
    251.93397312672766,
    244.4003312985471,
    234.35866165457688,
    226.50485948742204,
    217.09500808681824,
    210.6785554649402,
    202.85231053129135,
    196.12366109118554,
    189.40620614294238,
    183.5920609272535,
    178.84453597678183,
    173.2127994278733,
    167.7143268164166,
    163.04777169949108,
    158.1889895889653,
    154.25494784225694,
    150.00691608985855,
    146.0308946898133,
    142.02840176319498,
    138.8788235560726,
    135.58291320646637,
    132.40405231778186,
    128.7765715709196,
    125.68152228494849,
    122.32838609023112,
    120.11005314153266,
    117.64827258122354,
    114.9492293744479,
    112.45742559311033,
    110.48804676160199
  ],
  "learning_rates": [
    0.0,
    0.010833333333333334,
    0.020833333333333332,
    0.03166666666666667,
    0.041666666666666664,
    0.0525,
    0.0625,
    0.062488449799346944,
    0.06245729264968702,
    0.06240136166639231,
    0.062329300299567326,
    0.062229158394188966,
    0.062116411658201566,
    0.061972362958414864,
    0.06181927326139663,
    0.06163175523836843,
    0.06143878750869766,
    0.061208369648500835,
    0.06097610992283035,
    0.06070349199693324,
    0.060432645640416296,
    0.06011865558049983,
    0.05981004514461937,
    0.059455636528175704,
    0.0591101992526825,
    0.05871644840703157,
    0.05833523337357795,
    0.05790333610709673,
    0.057487501053210016,
    0.0570187690237018,
    0.05656957682677357,
    0.056065433558006326,
    0.05558424839997521,
    0.05504622495848669,
    0.05453450818286269,
    0.053964238528161686,
    0.05342354420197397,
    0.052822760224258955,
    0.05225473041840536,
    0.051625256678870905,
    0.051031616481202566,
    0.050375364670906975,
    0.04975791694719326,
    0.0490768800813156,
    0.0484375,
    0.04773374636511857,
    0.047074375702493766,
    0.04635004257526767,
    0.04567268381836477,
    0.044929970974695005,
    0.04423668123979622,
    0.04347784427417854,
    0.04277072905942266,
    0.04199807253478125,
    0.04127927932583498,
    0.04049514977464054,
    0.03976686152285514,
    0.03897364032078295,
    0.03823806881364273,
    0.03743816494741298,
    0.03669754409140935
  ],