{
  "steps": [
    0,
    25,
    50,
    75,
    100,
    125,
    150,
    175,
    200,
    225,
    250,
    275,
    300,
    325,
    350,
    375,
    400,
    425,
    450,
    475,
    500,
    525,
    550,
    575,
    600,
    625,
    650,
    675,
    700,
    725,
    750,
    775,
    800,
    825,
    850,
    875,
    900,
    925,
    950,
    975,
    1000,
    1025,
    1050,
    1075,
    1100,
    1125,
    1150,
    1175,
    1200,
    1225,
    1250,
    1275,
    1300,
    1325,
    1350,
    1375,
    1400,
    1425,
    1450,
    1475,
    1499
  ],
  "train_loss": [
    10.798446655273438,
    10.738421440124512,
    10.455182075500488,
    10.203819274902344,
    9.799385070800781,
    9.290596008300781,
    8.707084655761719,
    8.055827140808105,
    7.668170928955078,
    7.415457725524902,
    7.083240985870361,
    6.925785541534424,
    6.756570339202881,
    6.725391387939453,
    6.589836120605469,
    6.4633564949035645,
    6.316773414611816,
    6.373366832733154,
    6.197556972503662,
    6.227149963378906,
    6.156668186187744,
    6.009778022766113,
    5.983040809631348,
    5.870839595794678,
    5.984012603759766,
    5.741798400878906,
    5.797478675842285,
    5.862838268280029,
    5.815117835998535,
    5.669921398162842,
    5.742429256439209,
    5.523670673370361,
    5.6180291175842285,
    5.520825386047363,
    5.548009395599365,
    5.5370612144470215,
    5.458998203277588,
    5.42064905166626,
    5.404688358306885,
    5.503791332244873,
    5.289217948913574,
    5.397466659545898,
    5.261476516723633,
    5.353143215179443,
    5.186205863952637,
    5.263322353363037,
    5.179205894470215,
    5.245607852935791,
    5.018542289733887,
    5.149814128875732,
    5.10159158706665,
    5.138083457946777,
    5.047245979309082,
    4.981657981872559,
    5.068620681762695,
    4.911048412322998,
    5.052939414978027,
    4.868906021118164,
    4.961685657501221,
    4.833758354187012,
    4.8436665534973145
  ],
  "val_loss": [
    10.786028060913086,
    10.703721618652343,
    10.42863063812256,
    10.155293769836426,
    9.76775074005127,
    9.219268798828125,
    8.61375244140625,
    8.018487339019776,
    7.647963008880615,
    7.320665111541748,
    7.080345268249512,
    6.874953880310058,
    6.725778560638428,
    6.5866032981872555,
    6.477685985565185,
    6.373922958374023,
    6.295193023681641,
    6.206153259277344,
    6.141963176727295,
    6.0676884269714355,
    6.005286560058594,
    5.946410789489746,
    5.891278839111328,
    5.834582595825196,
    5.783089866638184,
    5.727212028503418,
    5.686490783691406,
    5.632323322296142,
    5.585427360534668,
    5.541584434509278,
    5.495742206573486,
    5.4565298461914065,
    5.416022319793701,
    5.371389331817627,
    5.338377342224121,
    5.289105339050293,
    5.2549380111694335,
    5.221549434661865,
    5.185898685455323,
    5.149294548034668,
    5.119120922088623,
    5.086383495330811,
    5.0517365264892575,
    5.019971561431885,
    4.992213497161865,
    4.955223331451416,
    4.931925354003906,
    4.899422454833984,
    4.871185054779053,
    4.844531040191651,
    4.821006526947022,
    4.793909130096435,
    4.767145843505859,
    4.738818550109864,
    4.715036888122558,
    4.686579666137695,
    4.664963912963867,
    4.644134559631348,
    4.620600528717041,
    4.597825946807862,
    4.5800128936767575
  ],
  "val_accuracy": [
    0.016357421875,
    0.016357421875,
    0.083662109375,
    0.080625,
    0.090205078125,
    0.095966796875,
    0.095087890625,
    0.0988330078125,
    0.114287109375,
    0.12947265625,
    0.1442626953125,
    0.155888671875,
    0.164501953125,
    0.17189453125,
    0.177763671875,
    0.1843505859375,
    0.1880322265625,
    0.193544921875,
    0.195927734375,
    0.2017431640625,
    0.2055615234375,
    0.208037109375,
    0.2109375,
    0.2154296875,
    0.2188623046875,
    0.222158203125,
    0.22513671875,
    0.22953125,
    0.2322021484375,
    0.236123046875,
    0.2404248046875,
    0.24384765625,
    0.247060546875,
    0.25099609375,
    0.2537060546875,
    0.2577783203125,
    0.2610693359375,
    0.2634814453125,
    0.2677978515625,
    0.2705908203125,
    0.2739697265625,
    0.275654296875,
    0.2790673828125,
    0.2829296875,
    0.28572265625,
    0.289912109375,
    0.2920703125,
    0.29484375,
    0.2976220703125,
    0.3008154296875,
    0.3022705078125,
    0.306513671875,
    0.30900390625,
    0.3124755859375,
    0.3140185546875,
    0.3187353515625,
    0.319423828125,
    0.321923828125,
    0.3242333984375,
    0.3275146484375,
    0.3302392578125
  ],
  "val_perplexity": [
    48340.64808207659,
    44521.23826368262,
    33814.01491960734,
    25726.934827734116,
    17461.447680096255,
    10089.684041445016,
    5506.874178293117,
    3036.580540228944,
    2096.3709481907404,
    1511.2087579650201,
    1188.3787571370651,
    967.7307331141084,
    833.6207482615492,
    725.3130089653777,
    650.4640202870837,
    586.3535635335745,
    541.9604474984051,
    495.7904012444045,
    464.96548486109685,
    431.68166367722444,
    405.5671914432217,
    382.3784364267087,
    361.86775923742584,
    341.92198459640963,
    324.7611102407031,
    307.11185461329336,
    294.8570856976954,
    279.3102922116911,
    266.5141560374762,
    255.08183991454342,
    243.6522994050896,
    234.28301402451822,
    224.98243214346735,
    215.1615909876941,
    208.17463987884497,
    198.16605464721442,
    191.5096140294047,
    185.22094961050894,
    178.73400328459815,
    172.30989107937856,
    167.18833343148015,
    161.80363903722076,
    156.29363700988603,
    151.40699793460294,
    147.26202708043937,
    141.91429675996872,
    138.64619853838937,
    134.21224366426532,
    130.47544586640024,
    127.04368963727475,
    124.08992779955663,
    120.77256274354157,
    117.58316183123466,
    114.29908323870652,
    111.61292828914905,
    108.48150158465216,
    106.16175408979272,
    103.97334410758256,
    101.55500051524866,
    99.26826638433037,
    97.51565153423788
  ],
  "learning_rates": [
    0.0,
    0.010833333333333334,
    0.020833333333333332,
    0.03166666666666667,
    0.041666666666666664,
    0.0525,
    0.0625,
    0.062488449799346944,
    0.06245729264968702,
    0.06240136166639231,
    0.062329300299567326,
    0.062229158394188966,
    0.062116411658201566,
    0.061972362958414864,
    0.06181927326139663,
    0.06163175523836843,
    0.06143878750869766,
    0.061208369648500835,
    0.06097610992283035,
    0.06070349199693324,
    0.060432645640416296,
    0.06011865558049983,
    0.05981004514461937,
    0.059455636528175704,
    0.0591101992526825,
    0.05871644840703157,
    0.05833523337357795,
    0.05790333610709673,
    0.057487501053210016,
    0.0570187690237018,
    0.05656957682677357,
    0.056065433558006326,
    0.05558424839997521,
    0.05504622495848669,
    0.05453450818286269,
    0.053964238528161686,
    0.05342354420197397,
    0.052822760224258955,
    0.05225473041840536,
    0.051625256678870905,
    0.051031616481202566,
    0.050375364670906975,
    0.04975791694719326,
    0.0490768800813156,
    0.0484375,
    0.04773374636511857,
    0.047074375702493766,
    0.04635004257526767,
    0.04567268381836477,
    0.044929970974695005,
    0.04423668123979622,
    0.04347784427417854,
    0.04277072905942266,
    0.04199807253478125,
    0.04127927932583498,
    0.04049514977464054,
    0.03976686152285514,
    0.03897364032078295,
    0.03823806881364273,
    0.03743816494741298,
    0.03669754409140935
  ],