{
  "steps": [
    0,
    25,
    50,
    75,
    100,
    125,
    150,
    175,
    200,
    225,
    250,
    275,
    300,
    325,
    350,
    375,
    400,
    425,
    450,
    475,
    500,
    525,
    550,
    575,
    600,
    625,
    650,
    675,
    700,
    725,
    750,
    775,
    800,
    825,
    850,
    875,
    900,
    925,
    950,
    975,
    1000,
    1025,
    1050,
    1075,
    1100,
    1125,
    1150,
    1175,
    1200,
    1225,
    1250,
    1275,
    1300,
    1325,
    1350,
    1375,
    1400,
    1425,
    1450,
    1475,
    1499
  ],
  "train_loss": [
    10.798446655273438,
    10.692320823669434,
    10.398725509643555,
    10.159880638122559,
    9.76350212097168,
    9.262700080871582,
    8.683477401733398,
    8.049224853515625,
    7.6866607666015625,
    7.500187397003174,
    7.251971244812012,
    7.137446880340576,
    7.029416561126709,
    7.0529303550720215,
    6.936079502105713,
    6.833306312561035,
    6.715277671813965,
    6.813936710357666,
    6.6492085456848145,
    6.6711039543151855,
    6.641294479370117,
    6.516883850097656,
    6.49753999710083,
    6.430667400360107,
    6.580869674682617,
    6.354272365570068,
    6.414433479309082,
    6.508164405822754,
    6.496956825256348,
    6.385302543640137,
    6.441099643707275,
    6.287539005279541,
    6.311835765838623,
    6.312921047210693,
    6.344493865966797,
    6.360752105712891,
    6.261821746826172,
    6.279193878173828,
    6.2909650802612305,
    6.383169651031494,
    6.141495704650879,
    6.316356182098389,
    6.215260028839111,
    6.3109636306762695,
    6.172033309936523,
    6.236044406890869,
    6.167334079742432,
    6.242401123046875,
    6.099807262420654,
    6.192315101623535,
    6.080603122711182,
    6.180566310882568,
    6.089743614196777,
    6.006672382354736,
    6.128057956695557,
    6.001911163330078,
    6.109893798828125,
    5.999362468719482,
    6.057394981384277,
    5.968327045440674,
    5.982755184173584
  ],
  "val_loss": [
    10.786028060913086,
    10.64349281311035,
    10.38669490814209,
    10.10681381225586,
    9.726443557739257,
    9.186187553405762,
    8.586754951477051,
    8.006910133361817,
    7.666230354309082,
    7.412438182830811,
    7.248283882141113,
    7.112475471496582,
    7.013992385864258,
    6.920935726165771,
    6.8462721824646,
    6.773918628692627,
    6.7120511436462404,
    6.653850078582764,
    6.604843235015869,
    6.556082878112793,
    6.514459381103515,
    6.4799446105957035,
    6.44661729812622,
    6.418727130889892,
    6.393885440826416,
    6.368547344207764,
    6.345594882965088,
    6.322663230895996,
    6.303112125396728,
    6.282471046447754,
    6.265072345733643,
    6.247980480194092,
    6.232972526550293,
    6.216642742156982,
    6.200424499511719,
    6.183401584625244,
    6.171953830718994,
    6.159635448455811,
    6.144776268005371,
    6.1312893104553225,
    6.116384239196777,
    6.103177700042725,
    6.089722671508789,
    6.077942237854004,
    6.066069030761719,
    6.052548866271973,
    6.043769817352295,
    6.030937557220459,
    6.017693748474121,
    6.005779857635498,
    5.9981105995178225,
    5.984497776031494,
    5.975059280395508,
    5.9653329658508305,
    5.953687553405762,
    5.942301406860351,
    5.933115615844726,
    5.923011074066162,
    5.913189640045166,
    5.90189868927002,
    5.893369178771973
  ],
  "val_accuracy": [
    0.016357421875,
    0.016513671875,
    0.0864990234375,
    0.0937841796875,
    0.096396484375,
    0.10046875,
    0.098427734375,
    0.100537109375,
    0.1131103515625,
    0.1191748046875,
    0.124072265625,
    0.129794921875,
    0.13603515625,
    0.141201171875,
    0.14517578125,
    0.150751953125,
    0.15619140625,
    0.159501953125,
    0.1633984375,
    0.1666552734375,
    0.168642578125,
    0.1705126953125,
    0.1722412109375,
    0.1744091796875,
    0.17564453125,
    0.1764697265625,
    0.178359375,
    0.178525390625,
    0.17990234375,
    0.1810693359375,
    0.1819775390625,
    0.1826416015625,
    0.1832177734375,
    0.1839599609375,
    0.1847705078125,
    0.1862451171875,
    0.1866796875,
    0.1874755859375,
    0.1884912109375,
    0.1894287109375,
    0.19009765625,
    0.19087890625,
    0.19130859375,
    0.1916357421875,
    0.1918212890625,
    0.1925830078125,
    0.1926416015625,
    0.19435546875,
    0.1946923828125,
    0.195498046875,
    0.19525390625,
    0.1961328125,
    0.1966455078125,
    0.1969287109375,
    0.1978662109375,
    0.1986767578125,
    0.19904296875,
    0.199580078125,
    0.2008740234375,
    0.2009765625,
    0.20140625
  ],
  "val_perplexity": [
    48340.64808207659,
    41918.930806954115,
    32425.32097528382,
    24509.444505127987,
    16754.858547646367,
    9761.365265706934,
    5360.191341544588,
    3001.6281387809086,
    2135.0179952358103,
    1656.4601800256262,
    1405.6904466188923,
    1227.1816423096498,
    1112.0855283807448,
    1013.2676921655211,
    940.3688411132989,
    874.732940306219,
    822.2554750332271,
    775.7653408051868,
    738.6640634745996,
    703.5105536754594,
    674.8290375600575,
    651.93483498894,
    630.5656654049733,
    613.2220657197203,
    598.1762487195359,
    583.2100098468675,
    569.9763581081114,
    557.054583643881,
    546.2693261134767,
    535.1093114259425,
    525.8796297307774,
    516.9677431458201,
    509.26704561780946,
    501.01835751344834,
    492.95825722353123,
    484.63769183301554,
    479.1213141143088,
    473.2555173540503,
    466.2753166856294,
    460.0288985549118,
    453.22298237416766,
    447.2768258101716,
    441.29900938556165,
    436.13081722541017,
    430.9831657523551,
    425.19541628544414,
    421.4789423482528,
    416.1049687761201,
    410.6304856726151,
    405.76730611001454,
    402.66727456943744,
    397.22297624589237,
    393.4914267271178,
    389.6827575228157,
    385.17106235219194,
    380.8103213214217,
    377.3282943632023,
    373.5347630734095,
    369.88407289528317,
    365.73121898921175,
    362.62497691181386
  ],
  "learning_rates": [
    0.0,
    0.021666666666666667,
    0.041666666666666664,
    0.06333333333333334,
    0.08333333333333333,
    0.105,
    0.125,
    0.12497689959869389,
    0.12491458529937403,
    0.12480272333278462,
    0.12465860059913465,
    0.12445831678837793,
    0.12423282331640313,
    0.12394472591682973,
    0.12363854652279326,
    0.12326351047673687,
    0.12287757501739532,
    0.12241673929700167,
    0.1219522198456607,
    0.12140698399386649,
    0.12086529128083259,
    0.12023731116099966,
    0.11962009028923874,
    0.11891127305635141,
    0.118220398505365,
    0.11743289681406315,
    0.1166704667471559,
    0.11580667221419345,
    0.11497500210642003,
    0.1140375380474036,
    0.11313915365354714,
    0.11213086711601265,
    0.11116849679995042,
    0.11009244991697338,
    0.10906901636572539,
    0.10792847705632337,
    0.10684708840394794,
    0.10564552044851791,
    0.10450946083681072,
    0.10325051335774181,
    0.10206323296240513,
    0.10075072934181395,
    0.09951583389438652,
    0.0981537601626312,
    0.096875,
    0.09546749273023714,
    0.09414875140498753,
    0.09270008515053534,
    0.09134536763672954,
    0.08985994194939001,
    0.08847336247959244,
    0.08695568854835709,
    0.08554145811884532,
    0.0839961450695625,
    0.08255855865166996,
    0.08099029954928108,
    0.07953372304571028,
    0.0779472806415659,
    0.07647613762728546,
    0.07487632989482595,
    0.0733950881828187
  ],